DB_name;Description;Provider;Install_date;Release_date;Category;Type;Omics;Owner;Length;Seq;Disk;Tools;Tools_path;Path
"Alitta virens WSI v1";"Genome assembly of Alitta virens";"NCBI";"2022-06-07";"2022-03-11";"Reference organism";"nucleotide";"genomics";"acormier";"671154093bp";"24";"0";"";"";"/home/ref-bioinfo/ifremer/sebimer/organism-banks/Alitta_virens/WSI_v1"
"ANR DECIPHER project";"Deciphering multifactorial diseases: insight into oyster mortalities";"ENA";"14/12/2022";"19/12/2017";"";"nucleotide";"transcriptomics";"acormier";"";"";"119748632";"";"";"/home/ref-bioinfo/ifremer/sebimer/project-banks/ENA/PRJNA423079"
"BUSCO ODB_10_V4";"BUSCO V4 databases to provides measures for quantitative assessment of genome assembly, gene set, and transcriptome completeness.";"BUSCO";"29/07/2021";"10/09/2020";"Tool specific";"nucleotide,protein";"genomics,transcriptomics,proteomics";"acormier";"";"";"108054092";"";"";"/home/ref-bioinfo/ifremer/sebimer/tool-specific-banks/busco/v4"
"BUSCO ODB_10_V5";"BUSCO V5 databases to provides measures for quantitative assessment of genome assembly, gene set, and transcriptome completeness.";"BUSCO";"02/08/2022";"28/06/2021";"Tool specific";"nucleotide,protein";"genomics,transcriptomics,proteomics";"lleroi";"";"";"108054092";"";"";"/home/ref-bioinfo/ifremer/sebimer/tool-specific-banks/busco/v5"
"Capitella teleta DJGI v1";"Genome assembly of Capitella teleta";"NCBI";"2022-06-07";"2013-01-25";"Reference organism";"nucleotide,protein";"genomics,transcriptomics,proteomics";"acormier";"333283208bp";"20803";"0";"";"";"/home/ref-bioinfo/ifremer/sebimer/organism-banks/Capitella_teleta/DJGI_v1"
"Centrifuge";"Database for classifying metagenomic sequences.";"CCB";"11/09/2020";"15/04/2018";"Tool specific";"nucleotide";"genomics";"cnoel";"";"";"11800816";"";"";"/home/ref-bioinfo/ifremer/sebimer/tool-specific-banks/centrifuge"
"CheckV 0.6";"A database for assessing the quality of metagenome-assembled viral genomes.";"Berkeley lab";"29/07/2021";"07/05/2020";"Tool specific";"nucleotide,protein";"genomics";"cnoel";"";"";"5621232";"";"";"/home/ref-bioinfo/ifremer/sebimer/tool-specific-banks/checkv/0.6"
"Crassostrea gigas BGI v1";"Genome assembly of Crassostrea gigas";"NCBI,Ensembl";"23/02/2021";"19/09/2012";"Reference organism";"nucleotide";"genomics";"acormier";"558Mbp";"7658";"2062088";"BLAST-NUCL,BLAST-PROT,BOWTIE2,BWA,BWA-MEM2,DIAMOND,HISAT2,STAR";"/home/ref-bioinfo/ifremer/sebimer/organism-banks/Crassostrea_gigas/BGI_v1/blast/GCA_000297895.1_genomic,/home/ref-bioinfo/ifremer/sebimer/organism-banks/Crassostrea_gigas/BGI_v1/blast/GCA_000297895.1_protein,/home/ref-bioinfo/ifremer/sebimer/organism-banks/Crassostrea_gigas/BGI_v1/bowtie2/GCA_000297895.1_genomic,/home/ref-bioinfo/ifremer/sebimer/organism-banks/Crassostrea_gigas/BGI_v1/bwa/GCA_000297895.1_genomic,/home/ref-bioinfo/ifremer/sebimer/organism-banks/Crassostrea_gigas/BGI_v1/bwa-mem2/GCA_000297895.1_genomic,/home/ref-bioinfo/ifremer/sebimer/organism-banks/Crassostrea_gigas/BGI_v1/diamond/GCA_000297895.1_protein.faa.dmnd,/home/ref-bioinfo/ifremer/sebimer/organism-banks/Crassostrea_gigas/BGI_v1/hisat2/GCA_000297895.1_genomic,/home/ref-bioinfo/ifremer/sebimer/organism-banks/Crassostrea_gigas/BGI_v1/star/GCA_000297895.1_genomic_indexDir";"/home/ref-bioinfo/ifremer/sebimer/organism-banks/Crassostrea_gigas/BGI_v1"
"Crassostrea gigas BGI v2";"Genome assembly of Crassostrea gigas";"NCBI";"23/02/2021";"19/09/2019";"Reference organism";"nucleotide";"genomics";"acormier";"565Mbp";"7655";"559252";"BLAST-NUCL,BOWTIE2,BWA,BWA-MEM2,HISAT2";"/home/ref-bioinfo/ifremer/sebimer/organism-banks/Crassostrea_gigas/BGI_v2/blast/GCA_000297895.2_genomic,/home/ref-bioinfo/ifremer/sebimer/organism-banks/Crassostrea_gigas/BGI_v2/bowtie2/GCA_000297895.2_genomic,/home/ref-bioinfo/ifremer/sebimer/organism-banks/Crassostrea_gigas/BGI_v2/bwa/GCA_000297895.2_genomic,/home/ref-bioinfo/ifremer/sebimer/organism-banks/Crassostrea_gigas/BGI_v2/bwa-mem2/GCA_000297895.2_genomic,/home/ref-bioinfo/ifremer/sebimer/organism-banks/Crassostrea_gigas/BGI_v2/hisat2/GCA_000297895.2_genomic";"/home/ref-bioinfo/ifremer/sebimer/organism-banks/Crassostrea_gigas/BGI_v2"
"Crassostrea gigas IO-CAS v1";"Genome assembly of Crassostrea gigas";"NCBI";"23/02/2021";"27/02/2020";"Reference organism";"nucleotide";"genomics";"acormier";"587Mbp";"10";"70235156";"BLAST-NUCL,BOWTIE2,BWA,BWA-MEM2,HISAT2";"/home/ref-bioinfo/ifremer/sebimer/organism-banks/Crassostrea_gigas/IO-CAS_v1/blast/GCA_011032805.1_genomic,/home/ref-bioinfo/ifremer/sebimer/organism-banks/Crassostrea_gigas/IO-CAS_v1/bowtie2/GCA_011032805.1_genomic,/home/ref-bioinfo/ifremer/sebimer/organism-banks/Crassostrea_gigas/IO-CAS_v1/bwa/GCA_011032805.1_genomic,/home/ref-bioinfo/ifremer/sebimer/organism-banks/Crassostrea_gigas/IO-CAS_v1/bwa-mem2/GCA_011032805.1_genomic,/home/ref-bioinfo/ifremer/sebimer/organism-banks/Crassostrea_gigas/IO-CAS_v1/hisat2/GCA_011032805.1_genomic";"/home/ref-bioinfo/ifremer/sebimer/organism-banks/Crassostrea_gigas/IO-CAS_v1"
"Crassostrea gigas NWPU v2";"Genome assembly of Crassostrea gigas";"NCBI";"23/02/2021";"16/12/2019";"Reference organism";"nucleotide";"genomics";"acormier";"588Mbp";"3676";"581256";"BLAST-NUCL,BOWTIE2,BWA,BWA-MEM2,HISAT2";"/home/ref-bioinfo/ifremer/sebimer/organism-banks/Crassostrea_gigas/NWPU_v2/blast/GCA_005518195.2_genomic,/home/ref-bioinfo/ifremer/sebimer/organism-banks/Crassostrea_gigas/NWPU_v2/bowtie2/GCA_005518195.2_genomic,/home/ref-bioinfo/ifremer/sebimer/organism-banks/Crassostrea_gigas/NWPU_v2/bwa/GCA_005518195.2_genomic,/home/ref-bioinfo/ifremer/sebimer/organism-banks/Crassostrea_gigas/NWPU_v2/bwa-mem2/GCA_005518195.2_genomic,/home/ref-bioinfo/ifremer/sebimer/organism-banks/Crassostrea_gigas/NWPU_v2/hisat2/GCA_005518195.2_genomic";"/home/ref-bioinfo/ifremer/sebimer/organism-banks/Crassostrea_gigas/NWPU_v2"
"Crassostrea gigas ROSLIN v1";"Genome assembly of Crassostrea gigas";"Ensembl";"16/02/2022";"19/02/2020";"Reference organism";"nucleotide,protein";"genomics,transcriptomics,proteomics";"acormier";"648Mbp";"236";"317348180";"BLAST-NUCL,BLAST-PROT,BOWTIE2,HISAT2,STAR";"/home/ref-bioinfo/ifremer/sebimer/organism-banks/Crassostrea_gigas/ROSLIN_v1/blast/GCA_902806645.1_genomic,/home/ref-bioinfo/ifremer/sebimer/organism-banks/Crassostrea_gigas/ROSLIN_v1/blast/GCA_902806645.1_protein,/home/ref-bioinfo/ifremer/sebimer/organism-banks/Crassostrea_gigas/ROSLIN_v1/bowtie2/GCA_902806645.1_genomic,/home/ref-bioinfo/ifremer/sebimer/organism-banks/Crassostrea_gigas/ROSLIN_v1/hisat2/GCA_902806645.1_genomic,/home/ref-bioinfo/ifremer/sebimer/organism-banks/Crassostrea_gigas/ROSLIN_v1/star/GCA_902806645.1_genomic_indexDir";"/home/ref-bioinfo/ifremer/sebimer/organism-banks/Crassostrea_gigas/ROSLIN_v1"
"Danio rerio GRCz11";"Genome Reference Consortium Zebrafish Build 10";"Ensembl";"16/12/2022";"01/10/2022";"Reference organism";"nucleotide,protein";"genomics,transcriptomics,proteomics";"acormier";"1371Mbp";"1061";"1908000";"";"";"/home/ref-bioinfo/ifremer/sebimer/organism-banks/Danio_rerio/GRCz10"
"dbcan 2.0.6";"Database for automated carbohydrate-active enzyme annotation";"Bioinformatics and Computational Biology Lab";"17/05/2020";"31/07/2019";"Tool specific";"protein";"genomics,transcriptomics,proteomics";"cnoel";"";"";"2398952";"";"";"/home/ref-bioinfo/ifremer/sebimer/tool-specific-banks/dbcan2"
"Dicentrarchus labrax dlabrax2021";"Genome assembly of Dicentrarchus labrax";"Ensembl";"09/03/2021";"15/04/2014";"Reference organism";"nucleotide";"genomics";"acormier";"696Mbp";"302";"13525630698";"";"";"/home/ref-bioinfo/ifremer/sebimer/organism-banks/Dicentrarchus_labrax/HCMR_v1"
"Dicentrarchus labrax MPI-PZ v1";"Genome assembly of Dicentrarchus labrax";"NCBI,Max Planck Institute for Molecular Genetics";"23/02/2021";"09/04/2014";"Reference organism";"nucleotide";"genomics";"acormier";"676Mbp";"25";"13525630698";"BLAST-NUCL,BOWTIE2,BWA,BWA-MEM2,HISAT2,STAR";"/home/ref-bioinfo/ifremer/sebimer/organism-banks/Dicentrarchus_labrax/MPI-PZ_v1/blast/dicLab1_scaffold_genomic,/home/ref-bioinfo/ifremer/sebimer/organism-banks/Dicentrarchus_labrax/MPI-PZ_v1/bowtie2/dicLab1_scaffold_genomic,/home/ref-bioinfo/ifremer/sebimer/organism-banks/Dicentrarchus_labrax/MPI-PZ_v1/bwa/dicLab1_scaffold_genomic,/home/ref-bioinfo/ifremer/sebimer/organism-banks/Dicentrarchus_labrax/MPI-PZ_v1/bwa-mem2/dicLab1_scaffold_genomic,/home/ref-bioinfo/ifremer/sebimer/organism-banks/Dicentrarchus_labrax/MPI-PZ_v1/hisat2/dicLab1_scaffold_genomic,/home/ref-bioinfo/ifremer/sebimer/organism-banks/Dicentrarchus_labrax/MPI-PZ_v1/star/dicLab1_scaffold_genomic_indexDir";"/home/ref-bioinfo/ifremer/sebimer/organism-banks/Dicentrarchus_labrax/MPI-PZ_v1"
"Dimorphilus gyrociliatus UOB v1";"Genome assembly of Dimorphilus gyrociliatus";"NCBI";"2022-06-07";"2020-08-25";"Reference organism";"nucleotide,protein";"genomics,transcriptomics,proteomics";"acormier";"77897245bp";"349";"1";"";"";"/home/ref-bioinfo/ifremer/sebimer/organism-banks/Dimorphilus_gyrociliatus/UOB_v1"
"Drosophila melanogaster Release 6 plus ISO1 MT v4";"Genome assembly of Drosophila melanogaster Release 6 plus ISO1 MT";"Ensembl";"30/04/2022";"01/08/2014";"Reference organism";"nucleotide,protein";"genomics,transcriptomics,proteomics";"acormier";"143Mbp";"1870";"469978018";"BLAST-NUCL,BLAST-PROT,BOWTIE2,BWA,BWA-MEM2,DIAMOND,HISAT2,STAR";"/home/ref-bioinfo/ifremer/sebimer/organism-banks/Drosophila_melanogaster/FB-BDGP-CG_v4/blast/GCA_000001215.4_genomic,/home/ref-bioinfo/ifremer/sebimer/organism-banks/Drosophila_melanogaster/FB-BDGP-CG_v4/blast/GCA_000001215.4_protein,/home/ref-bioinfo/ifremer/sebimer/organism-banks/Drosophila_melanogaster/FB-BDGP-CG_v4/bowtie2/GCA_000001215.4_genomic,/home/ref-bioinfo/ifremer/sebimer/organism-banks/Drosophila_melanogaster/FB-BDGP-CG_v4/bwa/GCA_000001215.4_genomic,/home/ref-bioinfo/ifremer/sebimer/organism-banks/Drosophila_melanogaster/FB-BDGP-CG_v4/bwa-mem2/GCA_000001215.4_genomic,/home/ref-bioinfo/ifremer/sebimer/organism-banks/Drosophila_melanogaster/FB-BDGP-CG_v4/diamond/GCA_000001215.4_protein.dmnd,/home/ref-bioinfo/ifremer/sebimer/organism-banks/Drosophila_melanogaster/FB-BDGP-CG_v4/hisat2/GCA_000001215.4_genomic,/home/ref-bioinfo/ifremer/sebimer/organism-banks/Drosophila_melanogaster/FB-BDGP-CG_v4/star/GCA_000001215.4_genomic_indexDir";"/home/ref-bioinfo/ifremer/sebimer/organism-banks/Drosophila_melanogaster/FB-BDGP-CG_v4"
"eggNOG-mapper 1.0.3";"A database of orthology relationships, functional annotation, and gene evolutionary histories";"EMBL";"14/06/2019";"23/04/2018";"Tool specific";"protein";"genomics,transcriptomics,proteomics";"cnoel";"";"";"160657404";"";"";"/home/ref-bioinfo/ifremer/sebimer/tool-specific-banks/eggnogdb/1.0.3"
"eggNOG-mapper 2.1.0";"A database of orthology relationships, functional annotation, and gene evolutionary histories";"EMBL";"29/03/2021";"09/03/2021";"Tool specific";"protein";"genomics,transcriptomics,proteomics";"cnoel";"";"";"63724020";"";"";"/home/ref-bioinfo/ifremer/sebimer/tool-specific-banks/eggnogdb/2.1.0"
"Enzyme";"Enzyme nomenclature";"SIB";"2022-01-19, 08:08";"29-Sep-2021";"Generic";"ontology";"proteomics,genomics";"BeeDeeM-4.7.3";"";"8421";"10462432";"BDM-ANNOT";"/home/ref-bioinfo/ifremer/sebimer/generic-reference-banks/d/Enzyme/current/Enzyme/Enzyme.ldx";"/home/ref-bioinfo/ifremer/sebimer/generic-reference-banks/d/Enzyme/currentOn20220530/Enzyme"
"Filtered formation waters collected from the Coxon Creek 10 (CX-10) coalbed methane well";"Biogenic methane is an important contributor to fossil coal seam gas (CSG) resources, and extant methanogens have the potential to generate future resources if subsurface ground conditions optimum to their cultivation can be determined (microbially enhanced coalbed methane)";"ENA";"14/02/2020";"28/06/2016";"";"nucleotide";"genomics";"pgdurand";"";"";"6428824";"";"";"/home/ref-bioinfo/ifremer/sebimer/project-banks/SRA/SRR2132206"
"Fish 12S reference sequences";"Fish 12S reference sequences from FisheDNA project";"Ifremer-EMH";"2020";"2020";"";"nucleotide";"genomics";"pgdurand";"";"";"540";"";"";"/home/ref-bioinfo/ifremer/sebimer/project-banks/FisheDNA-12S/reference"
"Fish 12S sequence bank";"Reference bank made from Genbank subset of 12S sequences from fish species and 12S sequences from FisheDNA project.";"SeBiMER";"05/12/2020";"05/12/2020";"";"nucleotide";"genomics";"pgdurand";"";"";"3016";"";"";"/home/ref-bioinfo/ifremer/sebimer/project-banks/FisheDNA-12S/bank"
"Genbank_Bacteria";"Genbank Bacteria (BCT) sequences";"NCBI";"2022-11-02, 14:30";"2022-11-02, 11:32";"Generic";"nucleotide";"genomics";"BeeDeeM-4.7.3";"";"-1";"597350519950";"BLAST-NUCL";"/home/ref-bioinfo/ifremer/sebimer/generic-reference-banks/n/Genbank_Bacteria/current/Genbank_Bacteria/Genbank_BacteriaM.nal";"/home/ref-bioinfo/ifremer/sebimer/generic-reference-banks/n/Genbank_Bacteria/current/Genbank_Bacteria"
"Genbank_COI";"Genbank Cytochrome Oxidase I sequences, all organisms";"SeBiMER";"2022-12-19, 11:27";"2022-12-19, 11:23";"Generic";"nucleotide";"genomics";"BeeDeeM-4.7.3";"";"-1";"8926696329";"BLAST-NUCL";"/home/ref-bioinfo/ifremer/sebimer/generic-reference-banks/n/Genbank_COI/current/Genbank_COI/Genbank_COIM.nal";"/home/ref-bioinfo/ifremer/sebimer/generic-reference-banks/n/Genbank_COI/current/Genbank_COI"
"Genbank_COI_Animals_Abyss";"Genbank Cytochrome Oxidase I sequences, animals for Abyss project";"SeBiMER";"2022-12-19, 13:01";"2022-12-19, 12:57";"Generic";"nucleotide";"genomics";"BeeDeeM-4.7.3";"";"-1";"8768346805";"BLAST-NUCL";"/home/ref-bioinfo/ifremer/sebimer/generic-reference-banks/n/Genbank_COI_Animals_Abyss/current/Genbank_COI_Animals_Abyss/Genbank_COI_Animals_AbyssM.nal";"/home/ref-bioinfo/ifremer/sebimer/generic-reference-banks/n/Genbank_COI_Animals_Abyss/current/Genbank_COI_Animals_Abyss"
"Genbank_CoreNucleotide";"Genbank Core nucleotide database. All Genbank but EST, STS, GSS, HTG, HTC, CON and ENV.";"NCBI";"2023-03-23, 21:11";"254";"Generic";"nucleotide";"genomics";"BeeDeeM-5.0.0";"";"110416512";"4616075421451";"BDM-ANNOT,BLAST-NUCL";"/home/ref-bioinfo/ifremer/sebimer/generic-reference-banks/n/Genbank_CoreNucleotide/current/Genbank_CoreNucleotide/Genbank_CoreNucleotide.ldx,/home/ref-bioinfo/ifremer/sebimer/generic-reference-banks/n/Genbank_CoreNucleotide/current/Genbank_CoreNucleotide/Genbank_CoreNucleotideM.nal";"/home/ref-bioinfo/ifremer/sebimer/generic-reference-banks/n/Genbank_CoreNucleotide/current/Genbank_CoreNucleotide"
"Genbank_FishDNA12S";"Genbank 12S sequences from Chondrichthyes, Actinopteri, Actinopterygii";"SeBiMER";"2022-12-19, 10:34";"2022-12-19, 10:34";"Generic";"nucleotide";"genomics";"BeeDeeM-4.7.3";"";"-1";"226284";"BLAST-NUCL";"/home/ref-bioinfo/ifremer/sebimer/generic-reference-banks/n/Genbank_FishDNA12S/current/Genbank_FishDNA12S/Genbank_FishDNA12SM.nal";"/home/ref-bioinfo/ifremer/sebimer/generic-reference-banks/n/Genbank_FishDNA12S/current/Genbank_FishDNA12S"
"Genbank_FTSZ";"Genbank FtsZ sequences, all organisms";"SeBiMER";"2022-12-19, 12:42";"2022-12-19, 12:42";"Generic";"nucleotide";"genomics";"BeeDeeM-4.7.3";"";"-1";"95641828";"BLAST-NUCL";"/home/ref-bioinfo/ifremer/sebimer/generic-reference-banks/n/Genbank_FTSZ/current/Genbank_FTSZ/Genbank_FTSZM.nal";"/home/ref-bioinfo/ifremer/sebimer/generic-reference-banks/n/Genbank_FTSZ/current/Genbank_FTSZ"
"Genbank_Viruses";"Genbank Virus (VRL) sequences";"NCBI";"2022-11-02, 11:32";"2022-11-02, 08:13";"Generic";"nucleotide";"genomics";"BeeDeeM-4.7.3";"";"-1";"610416357229";"BLAST-NUCL";"/home/ref-bioinfo/ifremer/sebimer/generic-reference-banks/n/Genbank_Viruses/current/Genbank_Viruses/Genbank_VirusesM.nal";"/home/ref-bioinfo/ifremer/sebimer/generic-reference-banks/n/Genbank_Viruses/current/Genbank_Viruses"
"GeneOntology_terms";"Gene Ontology Terms (GO basic)";"GO Consortium";"2022-01-19, 08:09";"2021-09-01";"Generic";"ontology";"proteomics,genomics";"BeeDeeM-4.7.3";"";"50699";"75469688";"BDM-ANNOT";"/home/ref-bioinfo/ifremer/sebimer/generic-reference-banks/d/GeneOntology_terms/current/GeneOntology_terms/GeneOntology_terms.ldx";"/home/ref-bioinfo/ifremer/sebimer/generic-reference-banks/d/GeneOntology_terms/currentOn20220530/GeneOntology_terms"
"GTDB-Tk R202";"The GTDB-Tk database allows to assign objective taxonomic classifications to bacterial and archaeal genomes";"The University of Queensland";"25/05/2021";"27/04/2021";"Tool specific";"nucleotide";"genomics";"cnoel";"";"";"51114620";"";"";"/home/ref-bioinfo/ifremer/sebimer/tool-specific-banks/gtdbtk/R202/release202"
"GTDB-Tk R207";"The GTDB-Tk database allows to assign objective taxonomic classifications to bacterial and archaeal genomes";"The University of Queensland";"25/05/2021";"27/04/2021";"Tool specific";"nucleotide";"genomics";"acormier";"";"";"69739152";"";"";"/home/ref-bioinfo/ifremer/sebimer/tool-specific-banks/gtdbtk/R207/release207"
"GTDB-Tk R89";"The GTDB-Tk database allows to assign objective taxonomic classifications to bacterial and archaeal genomes";"The University of Queensland";"21/04/2020";"18/06/2019";"Tool specific";"nucleotide";"genomics";"cnoel";"";"";"27638616";"";"";"/home/ref-bioinfo/ifremer/sebimer/tool-specific-banks/gtdbtk/R89/release89"
"GTDB-Tk R95";"The GTDB-Tk database allows to assign objective taxonomic classifications to bacterial and archaeal genomes";"The University of Queensland";"16/02/2021";"18/07/2020";"Tool specific";"nucleotide";"genomics";"pgdurand";"";"";"35385184";"";"";"/home/ref-bioinfo/ifremer/sebimer/tool-specific-banks/gtdbtk/R95/release95"
"Homo sapiens GRCh38.p14";"Genome assembly of Homo sapiens";"NCBI";"04/08/2022";"01/08/2022";"Reference organism";"nucleotide,protein";"genomics,transcriptomics,proteomics";"acormier";"3.0Gbp";"191";"59481714613";"BLAST-NUCL,BLAST-PROT,BOWTIE2,BWA,BWA-MEM2,HISAT2,MINIMAP2,STAR";"/home/ref-bioinfo/ifremer/sebimer/organism-banks/Homo_sapiens/GRCh38.p14/blast/GCF_000001405.40_genomic,/home/ref-bioinfo/ifremer/sebimer/organism-banks/Homo_sapiens/GRCh38.p14/blast/GCF_000001405.40_protein,/home/ref-bioinfo/ifremer/sebimer/organism-banks/Homo_sapiens/GRCh38.p14/bowtie2/GCF_000001405.40_genomic,/home/ref-bioinfo/ifremer/sebimer/organism-banks/Homo_sapiens/GRCh38.p14/bwa/GCF_000001405.40_genomic,/home/ref-bioinfo/ifremer/sebimer/organism-banks/Homo_sapiens/GRCh38.p14/bwa-mem2/GCF_000001405.40_genomic,/home/ref-bioinfo/ifremer/sebimer/organism-banks/Homo_sapiens/GRCh38.p14/hisat2/GCF_000001405.40_genomic,/home/ref-bioinfo/ifremer/sebimer/organism-banks/Homo_sapiens/GRCh38.p14/minimap2/GCF_000001405.40_genomic.mmi,/home/ref-bioinfo/ifremer/sebimer/organism-banks/Homo_sapiens/GRCh38.p14/star/GCF_000001405.40_genomic_indexDir";"/home/ref-bioinfo/ifremer/sebimer/organism-banks/Homo_sapiens/GRCh38.p14"
"Homopolish 0.3.2 bacteria";"Homopolish database for retrieving homologous sequences by scanning bacterial genomes.";"Yao-Ting Huang";"09/09/2021";"06/09/2021";"Tool specific";"nucleotide";"genomics";"cnoel";"";"";"1638896";"";"";"/home/ref-bioinfo/ifremer/sebimer/tool-specific-banks/homopolish/0.3.2/bacteria"
"Homopolish 0.3.2 fungi";"Homopolish database for retrieving homologous sequences by scanning fungal genomes.";"Yao-Ting Huang";"09/09/2021";"06/09/2021";"Tool specific";"nucleotide";"genomics";"cnoel";"";"";"43308";"";"";"/home/ref-bioinfo/ifremer/sebimer/tool-specific-banks/homopolish/0.3.2/fungi"
"Homopolish 0.3.2 virus";"Homopolish database for retrieving homologous sequences by scanning viral genomes.";"Yao-Ting Huang";"09/09/2021";"06/09/2021";"Tool specific";"nucleotide";"genomics";"cnoel";"";"";"78916";"";"";"/home/ref-bioinfo/ifremer/sebimer/tool-specific-banks/homopolish/0.3.2/virus"
"Hydroides elegans CALTECH v1";"Genome assembly of Hydroides elegans";"NCBI";"2022-06-07";"2016-08-11";"Reference organism";"nucleotide";"genomics";"acormier";"1026046400bp";"188407";"1";"";"";"/home/ref-bioinfo/ifremer/sebimer/organism-banks/Hydroides_elegans/CALTECH_v1"
"Infernal RFAM database v14.2";"Inference of rRNA alignment using the RFAM database";"EBI";"24/11/2020";"08/06/2020";"Tool specific";"nucleotide";"genomics,transcriptomics";"galaxy";"";"";"571120";"";"";"/home/ref-bioinfo/ifremer/sebimer/tool-specific-banks/infernal/14.2"
"Infernal RFAM database v14.5";"Inference of rRNA alignment using the RFAM database";"EBI";"26/05/2021";"17/03/2021";"Tool specific";"nucleotide";"genomics,transcriptomics";"cnoel";"";"";"506960";"";"";"/home/ref-bioinfo/ifremer/sebimer/tool-specific-banks/infernal/14.5"
"InterPro_terms";"InterPro Terms";"EBI";"2023-03-14, 15:39";"2023-03-01, 16:42";"Generic";"ontology";"proteomics,genomics";"BeeDeeM-5.0.0";"";"38623";"7861254";"BDM-ANNOT";"/home/ref-bioinfo/ifremer/sebimer/generic-reference-banks/d/InterPro_terms/current/InterPro_terms/InterPro_terms.ldx";"/home/ref-bioinfo/ifremer/sebimer/generic-reference-banks/d/InterPro_terms/current/InterPro_terms"
"kaiju nr database release 2020.01";"Taxonomic classification of metagenomic reads using the kaiju nr database";"University of Copenhagen";"09/02/2020";"01/2020";"Tool specific";"protein";"genomics";"cnoel";"";"";"88383528";"";"";"/home/ref-bioinfo/ifremer/sebimer/tool-specific-banks/kaiju/2020.02/nr"
"kaiju nr_euk database release 2020.01";"Taxonomic classification of metagenomic reads using the kaiju nr_euk database";"University of Copenhagen";"09/02/2020";"01/2020";"Tool specific";"protein";"genomics";"cnoel";"";"";"98653896";"";"";"/home/ref-bioinfo/ifremer/sebimer/tool-specific-banks/kaiju/2020.02/nr_euk"
"kaiju refseq database release 2020.01";"Taxonomic classification of metagenomic reads using the kaiju refseq database";"University of Copenhagen";"09/02/2020";"01/2020";"Tool specific";"protein";"genomics";"cnoel";"";"";"37499396";"";"";"/home/ref-bioinfo/ifremer/sebimer/tool-specific-banks/kaiju/2020.02/refseq"
"kaiju refseq database release 2021.03";"Taxonomic classification of metagenomic reads using the kaiju nr_euk database";"University of Copenhagen";"17/01/2022";"03/2021";"Tool specific";"protein";"genomics";"cnoel";"";"";"237418016";"";"";"/home/ref-bioinfo/ifremer/sebimer/tool-specific-banks/kaiju/2021.03/nr_euk"
"kaiju viruses database release 2020.01";"Taxonomic classification of metagenomic reads using the kaiju viruses database";"University of Copenhagen";"09/02/2020";"01/2020";"Tool specific";"protein";"genomics";"cnoel";"";"";"176220";"";"";"/home/ref-bioinfo/ifremer/sebimer/tool-specific-banks/kaiju/2020.02/viruses"
"kaiju viruses database release 2021.03";"Taxonomic classification of metagenomic reads using the kaiju viruses database";"University of Copenhagen";"26/05/2021";"03/2021";"Tool specific";"protein";"genomics";"cnoel";"";"";"237040";"";"";"/home/ref-bioinfo/ifremer/sebimer/tool-specific-banks/kaiju/2021.03/viruses"
"KofamScan 1.3.0";"KofamScan databse for gene function annotation based on KEGG Orthology and hidden Markov model.";"GenomeNet";"14/03/2022";"01/02/2022";"Tool specific";"protein";"genomics,transcriptomics,proteomics";"cnoel";"";"";"6583240";"";"";"/home/ref-bioinfo/ifremer/sebimer/tool-specific-banks/kofamscan/1.3.0"
"KrakenUniq 2020.02.10 bacteria-archaea";"KrakenUniq bacteria-archaea database for confident and fast metagenomics classification using unique k-mer counts.";"Florian Breitwieser";"10/02/2020";"10/02/2020";"Tool specific";"nucleotide";"genomics";"cnoel";"";"";"798006972";"";"";"/home/ref-bioinfo/ifremer/sebimer/tool-specific-banks/krakenuniq/2020.02.10/DBDIR_bacteria_archaea"
"KrakenUniq 2020.02.10 microbial-nt";"KrakenUniq microbial-nt database for confident and fast metagenomics classification using unique k-mer counts.";"Florian Breitwieser";"10/02/2020";"10/02/2020";"Tool specific";"nucleotide";"genomics";"cnoel";"";"";"250413028";"";"";"/home/ref-bioinfo/ifremer/sebimer/tool-specific-banks/krakenuniq/2020.02.10/DBDIR_microbial_nt"
"KrakenUniq 2020.02.10 viral";"KrakenUniq viral database for confident and fast metagenomics classification using unique k-mer counts.";"Florian Breitwieser";"10/02/2020";"10/02/2020";"Tool specific";"nucleotide";"genomics";"cnoel";"";"";"25711788";"";"";"/home/ref-bioinfo/ifremer/sebimer/tool-specific-banks/krakenuniq/2020.02.10/DBDIR_viral"
"Krona database v2.7";"Accession database for Krona v2.7";"Maryland Bioinformatics Labs";"11/09/2020";"07/2016";"Tool specific";"nucleotide,protein";"genomics";"cnoel";"";"";"113872";"";"";"/home/ref-bioinfo/ifremer/sebimer/tool-specific-banks/krona/2.7"
"Krona database v2.8.1";"Accession database for Krona v2.8.1";"Maryland Bioinformatics Labs";"16/02/2022";"12/2021";"Tool specific";"nucleotide,protein";"genomics";"cnoel";"";"";"123236";"";"";"/home/ref-bioinfo/ifremer/sebimer/tool-specific-banks/krona/2.8.1"
"Lamellibrachia luymesi AU v1";"Genome assembly of Lamellibrachia luymesi";"NCBI";"2022-06-07";"2019-10-21";"Reference organism";"nucleotide";"genomics";"acormier";"687706213bp";"11870";"1";"";"";"/home/ref-bioinfo/ifremer/sebimer/organism-banks/Lamellibrachia_luymesi/AU_v1"
"Lamellibrachia satsuma NMBIoK v1";"Genome assembly of Lamellibrachia satsuma";"NCBI";"2022-06-07";"2022-03-04";"Reference organism";"nucleotide,protein";"genomics,transcriptomics,proteomics";"acormier";"664980951bp";"6320";"0";"";"";"/home/ref-bioinfo/ifremer/sebimer/organism-banks/Lamellibrachia_satsuma/NMBIoK_v1"
"Marine metagenomes from the bioGEOTRACES project";"Marine metagenomes from the bioGEOTRACES project Metagenome";"ENA";"29/06/2021";"18/07/2018";"";"nucleotide";"genomics";"pgdurand";"";"";"2317884832136";"";"";"/home/ref-bioinfo/ifremer/sebimer/project-banks/SRA/PRJNA385854"
"Mediterranean Depth Profile Metagenomes";"In the Mediterranean and other temperate waters, the stratification of the water column is a seasonal phenomenon that usually starts in April and ends in November. In this work, we have analyzed by high throughput metagenomics a fine profile of a stratified water column off the coast of Alicante, at 60 nautical miles, collected in October 2015. The bioproject contains several metagenomes and assembled genomes recovered from the same location but at different depths (15, 30, 45, 60, 75, 90, 1000 and 2000 m).";"ENA";"16/06/2021";"02/08/2020";"";"nucleotide";"genomics";"pgdurand";"";"";"165859200890";"";"";"/home/ref-bioinfo/ifremer/sebimer/project-banks/SRA/PRJNA352798"
"MEROPS_Pep_Units";"Non-redundant library of peptidase units and inhibitor units of all the peptidases and peptidase inhibitors that are included in MEROPS";"EBI";"2021-10-26, 07:01";"2019-05-17, 00:00";"Generic";"protein";"proteomics";"BeeDeeM";"";"1221971";"1117553726";"BDM-ANNOT,BLAST-PROT";"/home/ref-bioinfo/ifremer/sebimer/generic-reference-banks/p/MEROPS_Pep_Units/current/MEROPS_Pep_Units/MEROPS_Pep_Units.ldx,/home/ref-bioinfo/ifremer/sebimer/generic-reference-banks/p/MEROPS_Pep_Units/current/MEROPS_Pep_Units/MEROPS_Pep_UnitsM.pal";"/home/ref-bioinfo/ifremer/sebimer/generic-reference-banks/p/MEROPS_Pep_Units/current/MEROPS_Pep_Units"
"MEROPS_Pep_Units_M42";"Library of M42 peptidase units extracted from full MEROPS_Pep_Units bank ";"SeBiMER";"2021-12-07, 16:14";"2021-12-07, 16:13";"Generic";"protein";"proteomics";"BeeDeeM";"";"4063";"4304138";"BDM-ANNOT,BLAST-PROT";"/home/ref-bioinfo/ifremer/sebimer/generic-reference-banks/p/MEROPS_Pep_Units_M42/current/MEROPS_Pep_Units_M42/MEROPS_Pep_Units_M42.ldx,/home/ref-bioinfo/ifremer/sebimer/generic-reference-banks/p/MEROPS_Pep_Units_M42/current/MEROPS_Pep_Units_M42/MEROPS_Pep_Units_M42M.pal";"/home/ref-bioinfo/ifremer/sebimer/generic-reference-banks/p/MEROPS_Pep_Units_M42/current/MEROPS_Pep_Units_M42"
"MEROPS_Peptidases";"Non-redundant library for all the peptidases and peptidase inhibitors included in MEROPS";"EBI";"2021-10-26, 09:53";"2019-05-17, 00:00";"Generic";"protein";"proteomics";"BeeDeeM";"";"1222410";"1916901915";"BDM-ANNOT,BLAST-PROT";"/home/ref-bioinfo/ifremer/sebimer/generic-reference-banks/p/MEROPS_Peptidases/current/MEROPS_Peptidases/MEROPS_Peptidases.ldx,/home/ref-bioinfo/ifremer/sebimer/generic-reference-banks/p/MEROPS_Peptidases/current/MEROPS_Peptidases/MEROPS_PeptidasesM.pal";"/home/ref-bioinfo/ifremer/sebimer/generic-reference-banks/p/MEROPS_Peptidases/current/MEROPS_Peptidases"
"MIDORI_12S_longest";"MIDORI 12S longest sequences";"MIDORI";"2023-01-13, 15:03";"Genbank_253";"Generic";"nucleotide";"genomics";"BeeDeeM-4.7.3";"";"63934";"932094215";"BLAST-NUCL,DADA2,QIIME2,RDP_CLASSIFIER";"/home/ref-bioinfo/ifremer/sebimer/generic-reference-banks/n/MIDORI_12S_longest/current/MIDORI_12S_longest/MIDORI_12S_longestM.nal,/home/ref-bioinfo/ifremer/sebimer/generic-reference-banks/n/MIDORI_12S_longest/current/MIDORI_12S_longest/dada2.idx,/home/ref-bioinfo/ifremer/sebimer/generic-reference-banks/n/MIDORI_12S_longest/current/MIDORI_12S_longest/qiime2.idx,/home/ref-bioinfo/ifremer/sebimer/generic-reference-banks/n/MIDORI_12S_longest/current/MIDORI_12S_longest/rdp.idx";"/home/ref-bioinfo/ifremer/sebimer/generic-reference-banks/n/MIDORI_12S_longest/current/MIDORI_12S_longest"
"MIDORI_12S_uniq";"MIDORI Cytochrome b unique sequences";"MIDORI";"2023-01-13, 16:24";"Genbank_253";"Generic";"nucleotide";"genomics";"BeeDeeM-4.7.3";"";"156185";"1228974534";"BLAST-NUCL,DADA2,QIIME2,RDP_CLASSIFIER";"/home/ref-bioinfo/ifremer/sebimer/generic-reference-banks/n/MIDORI_12S_uniq/current/MIDORI_12S_uniq/MIDORI_12S_uniqM.nal,/home/ref-bioinfo/ifremer/sebimer/generic-reference-banks/n/MIDORI_12S_uniq/current/MIDORI_12S_uniq/dada2.idx,/home/ref-bioinfo/ifremer/sebimer/generic-reference-banks/n/MIDORI_12S_uniq/current/MIDORI_12S_uniq/qiime2.idx,/home/ref-bioinfo/ifremer/sebimer/generic-reference-banks/n/MIDORI_12S_uniq/current/MIDORI_12S_uniq/rdp.idx";"/home/ref-bioinfo/ifremer/sebimer/generic-reference-banks/n/MIDORI_12S_uniq/current/MIDORI_12S_uniq"
"MIDORI_16S_longest";"MIDORI 16S longest sequences";"MIDORI";"2023-01-13, 15:42";"Genbank_253";"Generic";"nucleotide";"genomics";"BeeDeeM-4.7.3";"";"99455";"1703326050";"BLAST-NUCL,DADA2,QIIME2,RDP_CLASSIFIER";"/home/ref-bioinfo/ifremer/sebimer/generic-reference-banks/n/MIDORI_16S_longest/current/MIDORI_16S_longest/MIDORI_16S_longestM.nal,/home/ref-bioinfo/ifremer/sebimer/generic-reference-banks/n/MIDORI_16S_longest/current/MIDORI_16S_longest/dada2.idx,/home/ref-bioinfo/ifremer/sebimer/generic-reference-banks/n/MIDORI_16S_longest/current/MIDORI_16S_longest/qiime2.idx,/home/ref-bioinfo/ifremer/sebimer/generic-reference-banks/n/MIDORI_16S_longest/current/MIDORI_16S_longest/rdp.idx";"/home/ref-bioinfo/ifremer/sebimer/generic-reference-banks/n/MIDORI_16S_longest/current/MIDORI_16S_longest"
"MIDORI_16S_uniq";"MIDORI Cytochrome b unique sequences";"MIDORI";"2023-01-13, 16:35";"Genbank_253";"Generic";"nucleotide";"genomics";"BeeDeeM-4.7.3";"";"320404";"2472332867";"BLAST-NUCL,DADA2,QIIME2,RDP_CLASSIFIER";"/home/ref-bioinfo/ifremer/sebimer/generic-reference-banks/n/MIDORI_16S_uniq/current/MIDORI_16S_uniq/MIDORI_16S_uniqM.nal,/home/ref-bioinfo/ifremer/sebimer/generic-reference-banks/n/MIDORI_16S_uniq/current/MIDORI_16S_uniq/dada2.idx,/home/ref-bioinfo/ifremer/sebimer/generic-reference-banks/n/MIDORI_16S_uniq/current/MIDORI_16S_uniq/qiime2.idx,/home/ref-bioinfo/ifremer/sebimer/generic-reference-banks/n/MIDORI_16S_uniq/current/MIDORI_16S_uniq/rdp.idx";"/home/ref-bioinfo/ifremer/sebimer/generic-reference-banks/n/MIDORI_16S_uniq/current/MIDORI_16S_uniq"
"MIDORI_COI_longest";"MIDORI COI longest sequences";"MIDORI";"2023-01-13, 16:12";"Genbank_253";"Generic";"nucleotide";"genomics";"BeeDeeM-4.7.3";"";"210210";"3748267579";"BLAST-NUCL,DADA2,QIIME2,RDP_CLASSIFIER";"/home/ref-bioinfo/ifremer/sebimer/generic-reference-banks/n/MIDORI_COI_longest/current/MIDORI_COI_longest/MIDORI_COI_longestM.nal,/home/ref-bioinfo/ifremer/sebimer/generic-reference-banks/n/MIDORI_COI_longest/current/MIDORI_COI_longest/dada2.idx,/home/ref-bioinfo/ifremer/sebimer/generic-reference-banks/n/MIDORI_COI_longest/current/MIDORI_COI_longest/qiime2.idx,/home/ref-bioinfo/ifremer/sebimer/generic-reference-banks/n/MIDORI_COI_longest/current/MIDORI_COI_longest/rdp.idx";"/home/ref-bioinfo/ifremer/sebimer/generic-reference-banks/n/MIDORI_COI_longest/current/MIDORI_COI_longest"
"MIDORI_COI_uniq";"MIDORI Cytochrome b unique sequences";"MIDORI";"2023-01-13, 17:14";"Genbank_253";"Generic";"nucleotide";"genomics";"BeeDeeM-4.7.3";"";"1537155";"8158642658";"BLAST-NUCL,DADA2,QIIME2,RDP_CLASSIFIER";"/home/ref-bioinfo/ifremer/sebimer/generic-reference-banks/n/MIDORI_COI_uniq/current/MIDORI_COI_uniq/MIDORI_COI_uniqM.nal,/home/ref-bioinfo/ifremer/sebimer/generic-reference-banks/n/MIDORI_COI_uniq/current/MIDORI_COI_uniq/dada2.idx,/home/ref-bioinfo/ifremer/sebimer/generic-reference-banks/n/MIDORI_COI_uniq/current/MIDORI_COI_uniq/qiime2.idx,/home/ref-bioinfo/ifremer/sebimer/generic-reference-banks/n/MIDORI_COI_uniq/current/MIDORI_COI_uniq/rdp.idx";"/home/ref-bioinfo/ifremer/sebimer/generic-reference-banks/n/MIDORI_COI_uniq/current/MIDORI_COI_uniq"
"MIDORI_CytoB_longest";"MIDORI Cytochrome b longest sequences";"MIDORI";"2023-01-13, 15:32";"Genbank_253";"Generic";"nucleotide";"genomics";"BeeDeeM-4.7.3";"";"58840";"1163188195";"BLAST-NUCL,DADA2,QIIME2,RDP_CLASSIFIER";"/home/ref-bioinfo/ifremer/sebimer/generic-reference-banks/n/MIDORI_CytoB_longest/current/MIDORI_CytoB_longest/MIDORI_CytoB_longestM.nal,/home/ref-bioinfo/ifremer/sebimer/generic-reference-banks/n/MIDORI_CytoB_longest/current/MIDORI_CytoB_longest/dada2.idx,/home/ref-bioinfo/ifremer/sebimer/generic-reference-banks/n/MIDORI_CytoB_longest/current/MIDORI_CytoB_longest/qiime2.idx,/home/ref-bioinfo/ifremer/sebimer/generic-reference-banks/n/MIDORI_CytoB_longest/current/MIDORI_CytoB_longest/rdp.idx";"/home/ref-bioinfo/ifremer/sebimer/generic-reference-banks/n/MIDORI_CytoB_longest/current/MIDORI_CytoB_longest"
"MIDORI_CytoB_uniq";"MIDORI Cytochrome b unique sequences";"MIDORI";"2023-01-13, 16:18";"Genbank_253";"Generic";"nucleotide";"genomics";"BeeDeeM-4.7.3";"";"406237";"2581522847";"BLAST-NUCL,DADA2,QIIME2,RDP_CLASSIFIER";"/home/ref-bioinfo/ifremer/sebimer/generic-reference-banks/n/MIDORI_CytoB_uniq/current/MIDORI_CytoB_uniq/MIDORI_CytoB_uniqM.nal,/home/ref-bioinfo/ifremer/sebimer/generic-reference-banks/n/MIDORI_CytoB_uniq/current/MIDORI_CytoB_uniq/dada2.idx,/home/ref-bioinfo/ifremer/sebimer/generic-reference-banks/n/MIDORI_CytoB_uniq/current/MIDORI_CytoB_uniq/qiime2.idx,/home/ref-bioinfo/ifremer/sebimer/generic-reference-banks/n/MIDORI_CytoB_uniq/current/MIDORI_CytoB_uniq/rdp.idx";"/home/ref-bioinfo/ifremer/sebimer/generic-reference-banks/n/MIDORI_CytoB_uniq/current/MIDORI_CytoB_uniq"
"MINIMAP2 SILVA_v132_16S_99";"MINIMAP2 format of the SILVA database version 132 containing all 16S rRNA sequences clustered at 99%";"SILVA";"19/05/2022";"24/08/2020";"Tool specific";"nucleotide";"genomics,transcriptomics";"cnoel";"";"";"5482724";"";"";"/home/ref-bioinfo/ifremer/sebimer/tool-specific-banks/minimap2/silva/v132/16S"
"MINIMAP2 SILVA_v138.1_16S_NR99";"MINIMAP2 format of the SILVA database version 138.1 containing all 16S rRNA sequences clustered at 99%";"SILVA";"19/10/2022";"24/08/2020";"Tool specific";"nucleotide";"genomics,transcriptomics";"cnoel";"";"";"1343288";"";"";"/home/ref-bioinfo/ifremer/sebimer/tool-specific-banks/minimap2/silva/v138/16S"
"MINIMAP2 SILVA_v138.1_18S_NR99";"MINIMAP2 format of the SILVA database version 138.1 containing all 18S rRNA sequences clustered at 99%";"SILVA";"19/10/2022";"24/08/2020";"Tool specific";"nucleotide";"genomics,transcriptomics";"cnoel";"";"";"223836";"";"";"/home/ref-bioinfo/ifremer/sebimer/tool-specific-banks/minimap2/silva/v138/18S"
"MINIMAP2 SILVA_v138.1_SSU-LSU_NR99";"MINIMAP2 format of the SILVA database version 138.1 containing all SSU and LSU rRNA sequences clustered at 99%";"SILVA";"19/10/2022";"24/08/2020";"Tool specific";"nucleotide";"genomics,transcriptomics";"cnoel";"";"";"2154256";"";"";"/home/ref-bioinfo/ifremer/sebimer/tool-specific-banks/minimap2/silva/v138/SSU-LSU"
"MINIMAP2 SILVA_v138.1_SSU_NR99";"MINIMAP2 format of the SILVA database version 138.1 containing all SSU rRNA sequences clustered at 99%";"SILVA";"19/10/2022";"24/08/2020";"Tool specific";"nucleotide";"genomics,transcriptomics";"cnoel";"";"";"1566352";"";"";"/home/ref-bioinfo/ifremer/sebimer/tool-specific-banks/minimap2/silva/v138/SSU"
"Mytilus californianus UCLA v1";"Genome assembly of Mytilus californianus";"NCBI";"2022-05-30";"2022-02-03";"Reference organism";"nucleotide";"genomics";"acormier";"1651950171bp";"175";"1672639195";"";"";"/home/ref-bioinfo/ifremer/sebimer/organism-banks/Mytilus_californianus/UCLA_v1"
"Mytilus coruscus NU v2";"Genome assembly of Mytilus coruscus";"NCBI";"2022-05-30";"2020-07-08";"Reference organism";"nucleotide,protein";"genomics,transcriptomics,proteomics";"acormier";"1903825920bp";"10484";"2281455592";"";"";"/home/ref-bioinfo/ifremer/sebimer/organism-banks/Mytilus_coruscus/NU_v2"
"Mytilus coruscus SOU v1";"Genome assembly of Mytilus coruscus";"NCBI";"2022-05-30";"2021-03-10";"Reference organism";"nucleotide";"genomics";"acormier";"1566529938bp";"4434";"1586565639";"";"";"/home/ref-bioinfo/ifremer/sebimer/organism-banks/Mytilus_coruscus/SOU_v1"
"Mytilus edulis PEIMSO v1";"Genome assembly of Mytilus edulis";"NCBI";"2022-05-30";"2021-09-14";"Reference organism";"nucleotide";"genomics";"acormier";"1651313236bp";"1119";"1672064337";"";"";"/home/ref-bioinfo/ifremer/sebimer/organism-banks/Mytilus_edulis/PEIMSO_v1"
"Mytilus edulis US v1";"Genome assembly of Mytilus edulis";"NCBI";"2022-05-30";"2021-06-17";"Reference organism";"nucleotide,protein";"genomics,transcriptomics,proteomics";"acormier";"1827085763bp";"3339";"2314896850";"";"";"/home/ref-bioinfo/ifremer/sebimer/organism-banks/Mytilus_edulis/US_v1"
"Mytilus galloprovincialis CNAG v1";"Genome assembly of Mytilus galloprovincialis";"NCBI";"2022-05-30";"2020-10-12";"Reference organism";"nucleotide,protein";"genomics,transcriptomics,proteomics";"acormier";"1282208009bp";"10577";"2466419365";"";"";"/home/ref-bioinfo/ifremer/sebimer/organism-banks/Mytilus_galloprovincialis/CNAG_v1"
"Mytilus galloprovincialis UdV v1";"Genome assembly of Mytilus galloprovincialis";"NCBI";"23/02/2021";"16/03/2017";"Reference organism";"nucleotide";"genomics";"acormier";"1.5Gbp";"1002334";"23305995153";"BLAST-NUCL,BOWTIE2,BWA,BWA-MEM2,HISAT2";"/home/ref-bioinfo/ifremer/sebimer/organism-banks/Mytilus_galloprovincialis/UdV_v1/blast/GCA_001676915.1_genomic,/home/ref-bioinfo/ifremer/sebimer/organism-banks/Mytilus_galloprovincialis/UdV_v1/bowtie2/GCA_001676915.1_genomic,/home/ref-bioinfo/ifremer/sebimer/organism-banks/Mytilus_galloprovincialis/UdV_v1/bwa/GCA_001676915.1_genomic,/home/ref-bioinfo/ifremer/sebimer/organism-banks/Mytilus_galloprovincialis/UdV_v1/bwa-mem2/GCA_001676915.1_genomic,/home/ref-bioinfo/ifremer/sebimer/organism-banks/Mytilus_galloprovincialis/UdV_v1/hisat2/GCA_001676915.1_genomic";"/home/ref-bioinfo/ifremer/sebimer/organism-banks/Mytilus_galloprovincialis/UdV_v1"
"NCBI_nr";"NCBI nr protein databank with taxonomy. Protein sequences from GenBank CDS translations, PDB, Swiss-Prot, PIR, and PRF.";"NCBI";"2023-02-02, 03:08";"2023-01-28, 07:05";"Generic";"protein";"proteomics";"BeeDeeM-4.7.3";"";"524886546";"981378399462";"BLAST-PROT,DIAMOND";"/home/ref-bioinfo/ifremer/sebimer/generic-reference-banks/p/NCBI_nr/current/NCBI_nr/NCBI_nrM.pal,/home/ref-bioinfo/ifremer/sebimer/generic-reference-banks/p/NCBI_nr/current/NCBI_nr/diamond.idx/NCBI_nr.dmnd";"/home/ref-bioinfo/ifremer/sebimer/generic-reference-banks/p/NCBI_nr/currentOn2023-02-02_03_08/NCBI_nr"
"NCBI_nr_archaea";"NCBI_nr Archaea subset databank";"SeBiMER";"2021-12-01, 16:14";"2021-12-01, 16:10";"Generic";"protein";"proteomics";"BeeDeeM";"";"1546064";"3625240721";"BDM-ANNOT,BLAST-PROT,DIAMOND";"/home/ref-bioinfo/ifremer/sebimer/generic-reference-banks/p/NCBI_nr_archaea/current/NCBI_nr_archaea/NCBI_nr_archaea.ldx,/home/ref-bioinfo/ifremer/sebimer/generic-reference-banks/p/NCBI_nr_archaea/current/NCBI_nr_archaea/NCBI_nr_archaeaM.pal,/home/ref-bioinfo/ifremer/sebimer/generic-reference-banks/p/NCBI_nr_archaea/current/NCBI_nr_archaea/diamond.idx";"/home/ref-bioinfo/ifremer/sebimer/generic-reference-banks/p/NCBI_nr_archaea/current/NCBI_nr_archaea"
"NCBI_nt";"NCBI nt nucleotide databank with taxonomy. Nucleotide sequences from several sources, including GenBank, RefSeq, TPA and PDB. Redundant. ";"NCBI";"2023-03-23, 07:23";"2023-02-26, 00:13";"Generic";"nucleotide";"genomics";"BeeDeeM-5.0.0";"";"91124087";"1999110113608";"BLAST-NUCL,DIAMOND";"/home/ref-bioinfo/ifremer/sebimer/generic-reference-banks/n/NCBI_nt/current/NCBI_nt/NCBI_ntM.nal,/home/ref-bioinfo/ifremer/sebimer/generic-reference-banks/n/NCBI_nt/current/NCBI_nt/diamond.idx/NCBI_nt.dmnd";"/home/ref-bioinfo/ifremer/sebimer/generic-reference-banks/n/NCBI_nt/current/NCBI_nt"
"NCBI_Taxonomy";"NCBI Taxonomy Scientific Terms and Tree Structure";"NCBI";"2022-01-19, 07:27";"2019-09-11, 20:34";"Generic";"ontology";"proteomics,genomics";"BeeDeeM-4.7.3";"";"2396486";"909163284";"BDM-ANNOT";"/home/ref-bioinfo/ifremer/sebimer/generic-reference-banks/d/NCBI_Taxonomy/current/NCBI_Taxonomy/NCBI_Taxonomy.ldx";"/home/ref-bioinfo/ifremer/sebimer/generic-reference-banks/d/NCBI_Taxonomy/currentOn20220530/NCBI_Taxonomy"
"OBIS";"Ocean Biodiversity Information System databank to be used with appropriate OBIS R package";"OBIS";"06/10/2022";"01/07/2022";"Tool specific";"nucleotide";"genomics";"pgdurand";"";"";"128480469551";"";"";"/home/ref-bioinfo/ifremer/sebimer/tool-specific-banks/obis"
"Ocean Microbial Reference Gene Catalog";"The Ocean Microbial Reference Gene Catalog (OM-RGC). Data from: http://ocean-microbiome.embl.de/companion.html";"EMBL";"09/01/2019";"26/01/2015";"";"nucleotide";"genomics";"pgdurand";"";"";"55260320";"";"";"/home/ref-bioinfo/ifremer/sebimer/project-banks/Tara_Ocean_Microbial_Reference_Catalog"
"Ocean Microbial Reference Gene Catalog v2 (OM-RGC.v2)";"Gene catalog and associated quantitative data from 370 marine metagenomes and 187 metatranscriptomes from Tara Oceans Expedition.";"EBI";"01/07/2021";"12/11/2019";"";"nucleotide";"genomics";"pgdurand";"";"";"81960904";"";"";"/home/ref-bioinfo/ifremer/sebimer/project-banks/BioStudies/S-BSST297"
"Ocean Microbiomics Database";"Genomes and proteins from the Global Ocean Microbiomics database";"microbiomics.io";"15/06/2021";"1.0 - 06/2020";"";"nucleotide,protein";"genomics,proteomics";"pgdurand";"";"";"259581443149";"";"";"/home/ref-bioinfo/ifremer/sebimer/project-banks/Microbiomics/2020-06"
"Oreochromis niloticus UMD_NMBU v3";"Genome assembly of Oreochromis niloticus, isolate F11D_XX";"ENA";"05/09/2022";"29/06/2018";"Reference organism";"nucleotide";"genomics";"pauffret";"1005Mbp";"2460";"998740";"BLAST-NUCL,BOWTIE2,BWA,BWA-MEM2,HISAT2,STAR";"/home/ref-bioinfo/ifremer/sebimer/organism-banks/Oreochromis_niloticus/UMD_NMBU_v3/blast/Oreochromis_niloticus.O_niloticus_UMD_NMBU.dna_genomic,/home/ref-bioinfo/ifremer/sebimer/organism-banks/Oreochromis_niloticus/UMD_NMBU_v3/bowtie2/Oreochromis_niloticus.O_niloticus_UMD_NMBU.dna_genomic,/home/ref-bioinfo/ifremer/sebimer/organism-banks/Oreochromis_niloticus/UMD_NMBU_v3/bwa/Oreochromis_niloticus.O_niloticus_UMD_NMBU.dna_genomic.fna,/home/ref-bioinfo/ifremer/sebimer/organism-banks/Oreochromis_niloticus/UMD_NMBU_v3/bwa-mem2/Oreochromis_niloticus.O_niloticus_UMD_NMBU.dna_genomic.fna,/home/ref-bioinfo/ifremer/sebimer/organism-banks/Oreochromis_niloticus/UMD_NMBU_v3/hisat2/Oreochromis_niloticus.O_niloticus_UMD_NMBU.dna_genomic,/home/ref-bioinfo/ifremer/sebimer/organism-banks/Oreochromis_niloticus/UMD_NMBU_v3/star/Oreochromis_niloticus.O_niloticus_UMD_NMBU.dna_genomic_indexDir";"/home/ref-bioinfo/ifremer/sebimer/organism-banks/Oreochromis_niloticus/UMD_NMBU_v3"
"OSD 2014 metagenomic datasets";"Metagenome samples from the main OSD event, representing joint effort of marine sampling stations around the world on a single day, the solstice on 2014-06-21. Data from: https://mb3is.megx.net/osd-files?path=%2F2014%2Fdatasets%2Fworkable%2Fmetagenomes%2Fnon-merged";"Ocean Sampling Day (OSD)";"25/06/2019";"21/06/2014";"";"nucleotide";"genomics";"pgdurand";"";"";"209987192";"";"";"/home/ref-bioinfo/ifremer/sebimer/project-banks/OSD_2014_metagenomic_datasets"
"Ostrea edulis ROSCOFF v1";"Genome assembly of Ostrea edulis";"ROSCOFF";"30/02/2021";"06/01/2021";"Reference organism";"nucleotide";"genomics,transcriptomics";"acormier";"858Mbp";"10";"17683299535";"BLAST-NUCL,BOWTIE2,BWA,BWA-MEM2,HISAT2,SALMON,STAR";"/home/ref-bioinfo/ifremer/sebimer/organism-banks/Ostrea_edulis/ROSCOFF_v1/blast/Ostrea_edulis_genomic,/home/ref-bioinfo/ifremer/sebimer/organism-banks/Ostrea_edulis/ROSCOFF_v1/bowtie2/Ostrea_edulis_genomic,/home/ref-bioinfo/ifremer/sebimer/organism-banks/Ostrea_edulis/ROSCOFF_v1/bwa/Ostrea_edulis_genomic,/home/ref-bioinfo/ifremer/sebimer/organism-banks/Ostrea_edulis/ROSCOFF_v1/bwa-mem2/Ostrea_edulis_genomic,/home/ref-bioinfo/ifremer/sebimer/organism-banks/Ostrea_edulis/ROSCOFF_v1/hisat2/Ostrea_edulis_genomic,/home/ref-bioinfo/ifremer/sebimer/organism-banks/Ostrea_edulis/ROSCOFF_v1/salmon/Ostrea_edulis_rna_index,/home/ref-bioinfo/ifremer/sebimer/organism-banks/Ostrea_edulis/ROSCOFF_v1/star/Ostrea_edulis_genomic_indexDir";"/home/ref-bioinfo/ifremer/sebimer/organism-banks/Ostrea_edulis/ROSCOFF_v1"
"Ostreid herpesvirus 1";"Genome assembly of Ostreid herpesvirus 1";"NCBI";"23/02/2021";"29/08/2013";"Reference organism";"nucleotide";"genomics";"acormier";"207kbp";"1";"20508373";"BLAST-NUCL,BOWTIE2,BWA,BWA-MEM2,HISAT2";"/home/ref-bioinfo/ifremer/sebimer/organism-banks/OsHV-1/AY509253-2/blast/AY509253-2_genomic,/home/ref-bioinfo/ifremer/sebimer/organism-banks/OsHV-1/AY509253-2/bowtie2/AY509253-2_genomic,/home/ref-bioinfo/ifremer/sebimer/organism-banks/OsHV-1/AY509253-2/bwa/AY509253-2_genomic,/home/ref-bioinfo/ifremer/sebimer/organism-banks/OsHV-1/AY509253-2/bwa-mem2/AY509253-2_genomic,/home/ref-bioinfo/ifremer/sebimer/organism-banks/OsHV-1/AY509253-2/hisat2/AY509253-2_genomic";"/home/ref-bioinfo/ifremer/sebimer/organism-banks/OsHV-1/MRC_VIROLOGY_UNIT_v1"
"Ostreid herpesvirus 1 strain microVar variant A";"Genome assembly of Ostreid herpesvirus 1";"NCBI";"23/02/2021";"12/07/2017";"Reference organism";"nucleotide";"genomics";"acormier";"207kbp";"1";"14604806";"BLAST-NUCL,BOWTIE2,BWA,BWA-MEM2,HISAT2";"/home/ref-bioinfo/ifremer/sebimer/organism-banks/OsHV-1/KY242785.1/blast/KY242785.1_genomic,/home/ref-bioinfo/ifremer/sebimer/organism-banks/OsHV-1/KY242785.1/bowtie2/KY242785.1_genomic,/home/ref-bioinfo/ifremer/sebimer/organism-banks/OsHV-1/KY242785.1/bwa/KY242785.1_genomic,/home/ref-bioinfo/ifremer/sebimer/organism-banks/OsHV-1/KY242785.1/bwa-mem2/KY242785.1_genomic,/home/ref-bioinfo/ifremer/sebimer/organism-banks/OsHV-1/KY242785.1/hisat2/KY242785.1_genomic";"/home/ref-bioinfo/ifremer/sebimer/organism-banks/OsHV-1/IZSTO_v1"
"Owenia fusiformis QMUOL v2";"Genome assembly of Owenia fusiformis";"NCBI";"2022-06-07";"2022-03-14";"Reference organism";"nucleotide,protein";"genomics,transcriptomics,proteomics";"acormier";"499544331bp";"819";"1";"";"";"/home/ref-bioinfo/ifremer/sebimer/organism-banks/Owenia_fusiformis/QMUOL_v2"
"Paraescarpia echinospica HKUoSaT v1";"Genome assembly of Paraescarpia echinospica";"NCBI";"2022-06-07";"2021-09-21";"Reference organism";"nucleotide";"genomics";"acormier";"1101720295bp";"6461";"0";"";"";"/home/ref-bioinfo/ifremer/sebimer/organism-banks/Paraescarpia_echinospica/HKUoSaT_v1"
"Patella vulgata Genome assembly xgPatVulg1.2 alternate haplotype WELLCOME SANGER INSTITUTE v2";"Patella vulgata (common limpet) genome assembly, xgPatVulg1, alternate haplotype";"NCBI";"03/02/2023";"8/10/2022";"Reference organism";"nucleotide";"genomics";"abardon";"1005Mbp";"2460";"998740";"";"";"/home/ref-bioinfo/ifremer/sebimer/organism-banks/Patella_vulgata/WSI_v2"
"PDB_proteins";"PDB Protein databank ";"NCBI";"2022-06-02, 12:03";"2022-05-24, 09:11";"Generic";"protein";"proteomics";"BeeDeeM-4.7.3";"";"138576";"934330465";"BLAST-PROT,DIAMOND,PLAST";"/home/ref-bioinfo/ifremer/sebimer/generic-reference-banks/p/PDB_proteins/current/PDB_proteins/PDB_proteinsM.pal,/home/ref-bioinfo/ifremer/sebimer/generic-reference-banks/p/PDB_proteins/current/PDB_proteins/diamond.idx/PDB_proteins.dmnd,/home/ref-bioinfo/ifremer/sebimer/generic-reference-banks/p/PDB_proteins/current/PDB_proteins/blast-v4.idx/PDB_proteinsM.pal";"/home/ref-bioinfo/ifremer/sebimer/generic-reference-banks/p/PDB_proteins/currentOn20221028/PDB_proteins"
"Penaeus chinensis CAFS v1";"Genome assembly of Penaeus chinensis";"NCBI";"2022-05-31";"2021-07-13";"Reference organism";"nucleotide,protein";"genomics,transcriptomics,proteomics";"acormier";"1466063637bp";"1060";"1810905700";"";"";"/home/ref-bioinfo/ifremer/sebimer/organism-banks/Penaeus_chinensis/CAFS_v1"
"Penaeus indicus ICAR v1";"Genome assembly of Penaeus indicus";"NCBI";"2022-05-31";"2021-06-21";"Reference organism";"nucleotide";"genomics";"acormier";"1935624968bp";"11166";"1960996544";"";"";"/home/ref-bioinfo/ifremer/sebimer/organism-banks/Penaeus_indicus/ICAR_v1"
"Penaeus japonicus TUMST v1";"Genome assembly of Penaeus japonicus";"NCBI";"2022-05-31";"2021-02-12";"Reference organism";"nucleotide,protein";"genomics,transcriptomics,proteomics";"acormier";"1704994957bp";"18210";"2134408107";"";"";"/home/ref-bioinfo/ifremer/sebimer/organism-banks/Penaeus_japonicus/TUMST_v1"
"Penaeus monodon SAFEA v1";"Genome assembly of Penaeus monodon";"NCBI";"2022-05-31";"2020-11-05";"Reference organism";"nucleotide,protein";"genomics,transcriptomics,proteomics";"acormier";"2394331783bp";"26875";"2734817473";"";"";"/home/ref-bioinfo/ifremer/sebimer/organism-banks/Penaeus_monodon/SAFEA_v1"
"Penaeus vannamei IOCAS v1";"Genome assembly of Penaeus vannamei";"NCBI";"2022-05-31";"2018-11-16";"Reference organism";"nucleotide,protein";"genomics,transcriptomics,proteomics";"acormier";"1663565311bp";"4682";"1954690762";"";"";"/home/ref-bioinfo/ifremer/sebimer/organism-banks/Penaeus_vannamei/IOCAS_v1"
"Pfam-hmm";"Large collection of protein families, each represented by multiple sequence alignments and hidden Markov models (HMMs)";"EBI";"2022-01-19, 10:07";"2022-01-19, 08:09";"Generic";"ontology";"proteomics,genomics";"BeeDeeM-4.7.3";"";"19632";"3350140746";"";"";"/home/ref-bioinfo/ifremer/sebimer/generic-reference-banks/d/Pfam-hmm/currentOn20220530/Pfam-hmm"
"Platon";"A database for the identification and characterization of bacterial plasmid contigs from short-read draft assemblies.";"Oliver Schwengers";"25/04/2020";"25/04/2020";"Tool specific";"nucleotide";"genomics";"galaxy";"";"";"2452740";"";"";"/home/ref-bioinfo/ifremer/sebimer/tool-specific-banks/platon/20200425"
"pVOGs ";"A database of all hmmer profiles for Prokaryotic Viral Orthologous Groups";"Iowa University";"15/03/2022";"26/10/2016";"Tool specific";"nucleotide,protein";"genomics,transcriptomics,proteomics";"lleroi";"";"";"831369468";"";"";"/home/ref-bioinfo/ifremer/sebimer/tool-specific-banks/hmmer/pVOGs"
"QIIME2 2019.10 BOLD";"QIIME2 format of the BOLD database";"SeBiMER";"10/10/2021";"20/08/2020";"Tool specific";"nucleotide";"genomics";"cnoel";"";"";"751824";"";"";"/home/ref-bioinfo/ifremer/sebimer/tool-specific-banks/qiime2/2019.10/bold/2020.08.08"
"QIIME2 2019.10 LaJeunesse ITS2 database";"QIIME2 format of the ITS2 database from LaJeunesse";"SeBiMER";"30/09/2021";"25/02/2021";"Tool specific";"nucleotide";"genomics";"cnoel";"";"";"552";"";"";"/home/ref-bioinfo/ifremer/sebimer/tool-specific-banks/qiime2/2019.10/its"
"QIIME2 2019.10 PR2_4.12.0";"QIIME2 format of the PR2 database (4.12.0)";"The Protist Ribosomal Reference database";"21/01/2020";"08/08/2019";"Tool specific";"nucleotide";"genomics,transcriptomics";"cnoel";"";"";"229296";"";"";"/home/ref-bioinfo/ifremer/sebimer/tool-specific-banks/qiime2/2019.10/pr2/4.12.0/full_rRNA"
"QIIME2 2019.10 PR2_4.12.0 V1-V2_EukAILL-Laure3ILL";"QIIME2 format of the PR2 database (4.12.0) trimmed at the V1-V2 region with the EukAILL/Laure3ILL primers";"SeBiMER";"16/12/2020";"08/08/2019";"Tool specific";"nucleotide";"genomics,transcriptomics";"cnoel";"";"";"15436";"";"";"/home/ref-bioinfo/ifremer/sebimer/tool-specific-banks/qiime2/2019.10/pr2/4.12.0/target_region/V1-V2_EukAILL-Laure3ILL"
"QIIME2 2019.10 PR2_4.12.0 V4_Stoeck_Reuk454FWD1-Reuk454REV3";"QIIME2 format of the PR2 database (4.12.0) trimmed at the V4 region with the Reuk454FWD1/Reuk454REV3 primers (Stoeck et al., 2010";"SeBiMER";"16/12/2020";"08/08/2019";"Tool specific";"nucleotide";"genomics,transcriptomics";"cnoel";"";"";"85144";"";"";"/home/ref-bioinfo/ifremer/sebimer/tool-specific-banks/qiime2/2019.10/pr2/4.12.0/target_region/V4_Reuk454FWD1-Reuk454REV3"
"QIIME2 2019.10 PR2_4.12.0 V5-V7_nu-SSU-0817_nu-SSU-1196";"QIIME2 format of the PR2 database (4.12.0) trimmed at the V5-V7 region with the nu-SSU-0817/nu-SSU-1196 primers";"SeBiMER";"14/01/2021";"08/08/2019";"Tool specific";"nucleotide";"genomics,transcriptomics";"cnoel";"";"";"229296";"";"";"/home/ref-bioinfo/ifremer/sebimer/tool-specific-banks/qiime2/2019.10/pr2/4.12.0/target_region/V5-V7_nu-SSU-0817_nu-SSU-1196"
"QIIME2 2019.10 PR2_4.13.0";"QIIME2 format of the PR2 database (4.13.0)";"The Protist Ribosomal Reference database";"25/03/2021";"17/03/2021";"Tool specific";"nucleotide";"genomics,transcriptomics";"cnoel";"";"";"226344";"";"";"/home/ref-bioinfo/ifremer/sebimer/tool-specific-banks/qiime2/2019.10/pr2/4.13.0/full_rRNA"
"QIIME2 2019.10 PR2_4.13.0 V1-V2_18SV1V2F-18SV1V2R (Clerissi et al. 2018)";"QIIME2 format of the PR2 database (4.13.0) trimmed at the V1-V2 region with the 18SV1V2F/18SV1V2R primers from Clerissi et al. 2018";"SeBiMER";"24/01/2022";"17/03/2021";"Tool specific";"nucleotide";"genomics,transcriptomics";"cnoel";"";"";"15068";"";"";"/home/ref-bioinfo/ifremer/sebimer/tool-specific-banks/qiime2/2019.10/pr2/4.13.0/target_region/V1-V2_18SV1V2F-18SV1V2R"
"QIIME2 2019.10 PR2_4.13.0 V4_Stoeck_Reuk454FWD1-Reuk454REV3";"QIIME2 format of the PR2 database (4.13.0) trimmed at the V4 region with the Reuk454FWD1/Reuk454REV3 primers (Stoeck et al., 2010";"SeBiMER";"29/03/2021";"17/03/2021";"Tool specific";"nucleotide";"genomics,transcriptomics";"cnoel";"";"";"83952";"";"";"/home/ref-bioinfo/ifremer/sebimer/tool-specific-banks/qiime2/2019.10/pr2/4.13.0/target_region/V4_Reuk454FWD1-Reuk454REV3"
"QIIME2 2019.10 PR2_4.14.0";"QIIME2 format of the PR2 database (4.14.0)";"The Protist Ribosomal Reference database";"09/05/2022";"25/06/2021";"Tool specific";"nucleotide";"genomics,transcriptomics";"cnoel";"";"";"246448";"";"";"/home/ref-bioinfo/ifremer/sebimer/tool-specific-banks/qiime2/2019.10/pr2/4.14.0/full_rRNA"
"QIIME2 2019.10 SILVA_v128_16S_99";"QIIME2 format of the SILVA database version 128 containing all 16S rRNA sequences clustered at 99%";"SILVA";"12/04/2021";"28/09/2016";"Tool specific";"nucleotide";"genomics,transcriptomics";"cnoel";"";"";"385448";"";"";"/home/ref-bioinfo/ifremer/sebimer/tool-specific-banks/qiime2/2019.10/silva/v128/full_rRNA"
"QIIME2 2019.10 SILVA_v132_16S_99";"QIIME2 format of the SILVA database version 132 containing all 16S rRNA sequences clustered at 99%";"SILVA";"07/01/2020";"11/12/2017";"Tool specific";"nucleotide";"genomics,transcriptomics";"cnoel";"";"";"420708";"";"";"/home/ref-bioinfo/ifremer/sebimer/tool-specific-banks/qiime2/2019.10/silva/v132/full_rRNA/16S"
"QIIME2 2019.10 SILVA_v132_16S_99 V3-V4_PCR1F460-PCR1R460";"QIIME2 format of the SILVA database version 132 containing all 16S rRNA sequences clustered at 99% and trimmed at the V3-V4 region with the PCR1F460/PCR1R460 primers";"SeBiMER";"17/01/2020";"11/12/2017";"Tool specific";"nucleotide";"genomics,transcriptomics";"cnoel";"";"";"171152";"";"";"/home/ref-bioinfo/ifremer/sebimer/tool-specific-banks/qiime2/2019.10/silva/v132/target_region/16S/V3-V4_PCR1F460-PCR1R460"
"QIIME2 2019.10 SILVA_v132_16S_99 V3-V5_357F-926R";"QIIME2 format of the SILVA database version 132 containing all 16S rRNA sequences clustered at 99% and trimmed at the V3-V5 region with the 357F/926R primers";"SeBiMER";"26/03/2020";"11/12/2017";"Tool specific";"nucleotide";"genomics,transcriptomics";"cnoel";"";"";"206804";"";"";"/home/ref-bioinfo/ifremer/sebimer/tool-specific-banks/qiime2/2019.10/silva/v132/target_region/16S/V3-V5_357F-926R"
"QIIME2 2019.10 SILVA_v132_16S_99 V4-V5_515F-926R";"QIIME2 format of the SILVA database version 132 containing all 16S rRNA sequences clustered at 99% and trimmed at the V4-V5 region with the 515F/926R primers";"SeBiMER";"18/12/2020";"11/12/2017";"Tool specific";"nucleotide";"genomics,transcriptomics";"cnoel";"";"";"158492";"";"";"/home/ref-bioinfo/ifremer/sebimer/tool-specific-banks/qiime2/2019.10/silva/v132/target_region/16S/V4-V5_515F-926R"
"QIIME2 2019.10 SILVA_v132_16S_99 V4_515F-806R";"QIIME2 format of the SILVA database version 132 containing all 16S rRNA sequences clustered at 99% and trimmed at the V4 region with the 515F/806R primers";"SeBiMER";"26/03/2020";"11/12/2017";"Tool specific";"nucleotide";"genomics,transcriptomics";"cnoel";"";"";"116516";"";"";"/home/ref-bioinfo/ifremer/sebimer/tool-specific-banks/qiime2/2019.10/silva/v132/target_region/16S/V4_515F-806R"
"QIIME2 2019.10 SILVA_v132_18S_99";"QIIME2 format of the SILVA database version 132 containing all 18S rRNA sequences clustered at 99%";"SILVA";"06/01/2020";"11/12/2017";"Tool specific";"nucleotide";"genomics,transcriptomics";"cnoel";"";"";"142888";"";"";"/home/ref-bioinfo/ifremer/sebimer/tool-specific-banks/qiime2/2019.10/silva/v132/full_rRNA/18S"
"QIIME2 2019.10 SILVA_v132_18S_99 V4_Eu565F-Eu981R";"QIIME2 format of the SILVA database version 132 containing all 18S rRNA sequences clustered at 99% and trimmed at the V4 region with the Eu565F/Eu981R primers";"SeBiMER";"25/03/2020";"11/12/2017";"Tool specific";"nucleotide";"genomics,transcriptomics";"cnoel";"";"";"55532";"";"";"/home/ref-bioinfo/ifremer/sebimer/tool-specific-banks/qiime2/2019.10/silva/v132/target_region/18S/V4_Eu565F-Eu981R"
"QIIME2 2019.10 SILVA_v132_18S_99 V4_Reuk454FWD1-Reuk454REV3";"QIIME2 format of the SILVA database version 132 containing all 18S rRNA sequences clustered at 99% and trimmed at the V4 region with the Reuk454FWD1/Reuk454REV3 primers";"SeBiMER";"26/03/2020";"11/12/2017";"Tool specific";"nucleotide";"genomics,transcriptomics";"cnoel";"";"";"56068";"";"";"/home/ref-bioinfo/ifremer/sebimer/tool-specific-banks/qiime2/2019.10/silva/v132/target_region/18S/V4_Reuk454FWD1-ReukREV3"
"QIIME2 2019.10 SILVA_v132_18S_99 V5-V7_817F-1196R";"QIIME2 format of the SILVA database version 132 containing all 18S rRNA sequences clustered at 99% and trimmed at the V5-V7 region with the 817F/1196R primers";"SeBiMER";"08/01/2021";"11/12/2017";"Tool specific";"nucleotide";"genomics,transcriptomics";"cnoel";"";"";"45080";"";"";"/home/ref-bioinfo/ifremer/sebimer/tool-specific-banks/qiime2/2019.10/silva/v132/target_region/18S/V5-V7_817F-1196R"
"QIIME2 2019.10 SILVA_v138_16S-18S_99";"QIIME2 format of the SILVA database version 138 containing all rRNA sequences clustered at 99%";"SILVA";"12/04/2021";"24/08/2020";"Tool specific";"nucleotide";"genomics,transcriptomics";"cnoel";"";"";"519080";"";"";"/home/ref-bioinfo/ifremer/sebimer/tool-specific-banks/qiime2/2019.10/silva/v138/full_rRNA"
"QIIME2 2019.10 SILVA_v138_16S_99 V3-V4_341F-803R";"QIIME2 format of the SILVA database version 138 containing all 16S rRNA sequences clustered at 99% and trimmed at the V3-V4 region with the 341F/803R primers";"SeBiMER";"03/04/2021";"24/08/2020";"Tool specific";"nucleotide";"genomics,transcriptomics";"cnoel";"";"";"144528";"";"";"/home/ref-bioinfo/ifremer/sebimer/tool-specific-banks/qiime2/2019.10/silva/v138/target_region/V3-V4_341F-803R"
"QIIME2 2019.10 SILVA_v138_16S_99 V3-V4_341F-805R";"QIIME2 format of the SILVA database version 138 containing all 16S rRNA sequences clustered at 99% and trimmed at the V3-V4 region with the 341F/805R primers";"SeBiMER";"07/04/2021";"24/08/2020";"Tool specific";"nucleotide";"genomics,transcriptomics";"cnoel";"";"";"166284";"";"";"/home/ref-bioinfo/ifremer/sebimer/tool-specific-banks/qiime2/2019.10/silva/v138/target_region/V3-V4_341F-805R"
"QIIME2 2019.10 SILVA_v138_16S_99 V3-V4_PCR1F460-PCR1R460";"QIIME2 format of the SILVA database version 138 containing all 16S rRNA sequences clustered at 99% and trimmed at the V3-V4 region with the PCR1F460/PCR1R460 primers";"SeBiMER";"23/04/2021";"24/08/2020";"Tool specific";"nucleotide";"genomics,transcriptomics";"cnoel";"";"";"191764";"";"";"/home/ref-bioinfo/ifremer/sebimer/tool-specific-banks/qiime2/2019.10/silva/v138/target_region/V3-V4_PCR1F460-PCR1R460"
"QIIME2 2019.10 SILVA_v138_16S_99 V3-V5_519F-915R";"QIIME2 format of the SILVA database version 138 containing all 16S rRNA sequences clustered at 99% and trimmed at the V3-V5 region with the 519F/915R primers";"SeBiMER";"03/04/2021";"24/08/2020";"Tool specific";"nucleotide";"genomics,transcriptomics";"cnoel";"";"";"196284";"";"";"/home/ref-bioinfo/ifremer/sebimer/tool-specific-banks/qiime2/2019.10/silva/v138/target_region/V3-V5_519F-915R"
"QIIME2 2019.10 SILVA_v138_16S_99 V4-V5_515F-806rB";"QIIME2 format of the SILVA database version 138 containing all 16S rRNA sequences clustered at 99% and trimmed at the V4-V5 region with the 515F/806rB primers";"SeBiMER";"25/01/2022";"24/08/2020";"Tool specific";"nucleotide";"genomics,transcriptomics";"cnoel";"";"";"159524";"";"";"/home/ref-bioinfo/ifremer/sebimer/tool-specific-banks/qiime2/2019.10/silva/v138/target_region/V4-V5_515F-806rB"
"QIIME2 2019.10 SILVA_v138_16S_99 V4-V5_515F-926R";"QIIME2 format of the SILVA database version 138 containing all 16S rRNA sequences clustered at 99% and trimmed at the V4-V5 region with the 515F/926R primers";"SeBiMER";"07/04/2021";"24/08/2020";"Tool specific";"nucleotide";"genomics,transcriptomics";"cnoel";"";"";"205256";"";"";"/home/ref-bioinfo/ifremer/sebimer/tool-specific-banks/qiime2/2019.10/silva/v138/target_region/V4-V5_515F-926R"
"QIIME2 2019.10 SILVA_v138_16S_99 V4-V5_515F-928R";"QIIME2 format of the SILVA database version 138 containing all 16S rRNA sequences clustered at 99% and trimmed at the V4-V5 region with the 515F/928R primers";"SeBiMER";"09/02/2022";"24/08/2020";"Tool specific";"nucleotide";"genomics,transcriptomics";"cnoel";"";"";"205240";"";"";"/home/ref-bioinfo/ifremer/sebimer/tool-specific-banks/qiime2/2019.10/silva/v138/target_region/V4-V5_515F-928R"
"QIIME2 2019.10 SILVA_v138_16S_99 V4_Arch519F-Bact785R";"QIIME2 format of the SILVA database version 138 containing all 16S rRNA sequences clustered at 99% and trimmed at the V4 region with the Arch519F/Bact785 primers";"SeBiMER";"12/08/2021";"24/08/2020";"Tool specific";"nucleotide";"genomics,transcriptomics";"cnoel";"";"";"159500";"";"";"/home/ref-bioinfo/ifremer/sebimer/tool-specific-banks/qiime2/2019.10/silva/v138/target_region/V4_Arch519F-Bact785R"
"QIIME2 2019.10 SILVA_v138_16S_99 V6-V8_B969F-BA1406R";"QIIME2 format of the SILVA database version 138 containing all 16S rRNA sequences clustered at 99% and trimmed at the V6-V8 region with the B969F/BA1406 primers";"SeBiMER";"08/02/2022";"24/08/2020";"Tool specific";"nucleotide";"genomics,transcriptomics";"cnoel";"";"";"177432";"";"";"/home/ref-bioinfo/ifremer/sebimer/tool-specific-banks/qiime2/2019.10/silva/v138/target_region/V6-V8_B969F-BA1406R"
"QIIME2 2019.10 SILVA_v138_18S_99 817F-1196R.";"QIIME2 format of the SILVA database version 138 containing all 18S rRNA sequences clustered at 99% and trimmed at the V5-V7 region with the 817F/1196R primers";"SeBiMER";"21/02/2022";"24/08/2020";"Tool specific";"nucleotide";"genomics,transcriptomics";"cnoel";"";"";"45128";"";"";"/home/ref-bioinfo/ifremer/sebimer/tool-specific-banks/qiime2/2019.10/silva/v138/target_region/V5-V7_817F-1196R"
"QIIME2 2019.10 UNITE_public-10.05.2021";"QIIME2 format of the UNITE database v10.05.2021";"UNITE";"19/10/2021";"10/05/2021";"Tool specific";"nucleotide";"genomics,transcriptomics";"cnoel";"";"";"101976";"";"";"/home/ref-bioinfo/ifremer/sebimer/tool-specific-banks/qiime2/2019.10/unite/10.05.2021/full_ITS_public"
"QIIME2 2019.10 UNITE_public-10.05.2021 5.8SFUN-ITS4FUN";"QIIME2 format of the public UNITE database v10.05.2021 trimmed with the 5.8SFUN/ITS4FUN primers";"UNITE";"17/12/2021";"10/05/2021";"Tool specific";"nucleotide";"genomics,transcriptomics";"cnoel";"";"";"51324";"";"";"/home/ref-bioinfo/ifremer/sebimer/tool-specific-banks/qiime2/2019.10/unite/10.05.2021/target_region_public/5.8SFUN-ITS4FUN"
"QIIME2 2019.10 UNITE_public-10.05.2021 GTAAF-GTAAR";"QIIME2 format of the public UNITE database v10.05.2021 trimmed at the ITS2 region with the GTAAF/GTAAR primers";"UNITE";"21/10/2021";"10/05/2021";"Tool specific";"nucleotide";"genomics,transcriptomics";"cnoel";"";"";"79820";"";"";"/home/ref-bioinfo/ifremer/sebimer/tool-specific-banks/qiime2/2019.10/unite/10.05.2021/target_region_public/ITS2_GTAAF-GTAAR"
"QIIME2 2019.10 UNITE_ver8-04.02.2020_99";"QIIME2 format of the UNITE database version 8: 99% clustered version";"UNITE";"19/02/2021";"04/02/2020";"Tool specific";"nucleotide";"genomics,transcriptomics";"cnoel";"";"";"99728";"";"";"/home/ref-bioinfo/ifremer/sebimer/tool-specific-banks/qiime2/2019.10/unite/04.02.2020/clustered_99_database"
"QIIME2 2019.10 UNITE_ver8-04.02.2020_dynamic";"QIIME2 format of the UNITE database version 8: dynamic version";"UNITE";"14/01/2021";"04/02/2020";"Tool specific";"nucleotide";"genomics,transcriptomics";"cnoel";"";"";"101976";"";"";"/home/ref-bioinfo/ifremer/sebimer/tool-specific-banks/qiime2/2019.10/unite/04.02.2020/dynamic_database"
"QIIME2 2019.10 UNITE_ver8_99-10.05.2021";"QIIME2 format of the UNITE database v10.05.2021 version8 clustered at 99";"UNITE";"26/01/2022";"10/05/2021";"Tool specific";"nucleotide";"genomics,transcriptomics";"cnoel";"";"";"92932";"";"";"/home/ref-bioinfo/ifremer/sebimer/tool-specific-banks/qiime2/2019.10/unite/10.05.2021/full_ITS_ver8_99"
"QIIME2 2019.10 UNITE_ver8_99-10.05.2021 5.8SFUN-ITS4FUN";"QIIME2 format of the ver8 clustered at 99% UNITE database v10.05.2021 trimmed with the 5.8SFUN/ITS4FUN primers";"UNITE";"26/01/2022";"10/05/2021";"Tool specific";"nucleotide";"genomics,transcriptomics";"cnoel";"";"";"51324";"";"";"/home/ref-bioinfo/ifremer/sebimer/tool-specific-banks/qiime2/2019.10/unite/10.05.2021/target_region_ver8_99/5.8SFUN-ITS4FUN"
"Refseq_protein";"Refseq complete Protein databank";"NCBI";"2023-03-25, 18:18";"217";"Generic";"protein";"proteomics";"BeeDeeM-5.0.0";"";"254007727";"1095443544363";"BDM-ANNOT,BLAST-PROT,DIAMOND";"/home/ref-bioinfo/ifremer/sebimer/generic-reference-banks/p/Refseq_protein/current/Refseq_protein/Refseq_protein.ldx,/home/ref-bioinfo/ifremer/sebimer/generic-reference-banks/p/Refseq_protein/current/Refseq_protein/Refseq_proteinM.pal,/home/ref-bioinfo/ifremer/sebimer/generic-reference-banks/p/Refseq_protein/current/Refseq_protein/diamond.idx/Refseq_protein.dmnd";"/home/ref-bioinfo/ifremer/sebimer/generic-reference-banks/p/Refseq_protein/current/Refseq_protein"
"Refseq_protein_archaea";"Refseq Archaea subset Protein databank";"NCBI";"2022-11-02, 14:50";"214";"Generic";"protein";"proteomics";"BeeDeeM-4.7.3";"";"2697895";"9330768938";"BDM-ANNOT,BLAST-PROT,DIAMOND";"/home/ref-bioinfo/ifremer/sebimer/generic-reference-banks/p/Refseq_protein_archaea/current/Refseq_protein_archaea/Refseq_protein_archaea.ldx,/home/ref-bioinfo/ifremer/sebimer/generic-reference-banks/p/Refseq_protein_archaea/current/Refseq_protein_archaea/Refseq_protein_archaeaM.pal,/home/ref-bioinfo/ifremer/sebimer/generic-reference-banks/p/Refseq_protein_archaea/current/Refseq_protein_archaea/diamond.idx/Refseq_protein_archaea.dmnd";"/home/ref-bioinfo/ifremer/sebimer/generic-reference-banks/p/Refseq_protein_archaea/current/Refseq_protein_archaea"
"Saccostrea glomerata USC v1";"Genome assembly of Saccostrea glomerata";"University of the Sunshine Coast";"2022-05-30";"2018-10-22";"Reference organism";"nucleotide,protein";"genomics,transcriptomics,proteomics";"acormier";"788118542bp";"10107";"923260630";"";"";"/home/ref-bioinfo/ifremer/sebimer/organism-banks/Saccostrea_glomerata/USC_v1"
"SAGA 2019.10 BOLD";"QIIME2 format of the BOLD database";"SeBiMER";"10/10/2021";"20/08/2020";"Tool specific";"nucleotide";"genomics";"cnoel";"";"";"751824";"";"";"/home/ref-bioinfo/ifremer/sebimer/tool-specific-banks/saga/2019.10/bold/2020.08.08"
"SAGA 2019.10 LaJeunesse ITS2 database";"QIIME2 format of the ITS2 database from LaJeunesse";"SeBiMER";"30/09/2021";"25/02/2021";"Tool specific";"nucleotide";"genomics";"cnoel";"";"";"552";"";"";"/home/ref-bioinfo/ifremer/sebimer/tool-specific-banks/saga/2019.10/its"
"SAGA 2019.10 PR2_4.12.0";"QIIME2 format of the PR2 database (4.12.0)";"The Protist Ribosomal Reference database";"21/01/2020";"08/08/2019";"Tool specific";"nucleotide";"genomics,transcriptomics";"cnoel";"";"";"229296";"";"";"/home/ref-bioinfo/ifremer/sebimer/tool-specific-banks/saga/2019.10/pr2/4.12.0/full_rRNA"
"SAGA 2019.10 PR2_4.12.0 V1-V2_EukAILL-Laure3ILL";"QIIME2 format of the PR2 database (4.12.0) trimmed at the V1-V2 region with the EukAILL/Laure3ILL primers";"SeBiMER";"16/12/2020";"08/08/2019";"Tool specific";"nucleotide";"genomics,transcriptomics";"cnoel";"";"";"15436";"";"";"/home/ref-bioinfo/ifremer/sebimer/tool-specific-banks/saga/2019.10/pr2/4.12.0/target_region/V1-V2_EukAILL-Laure3ILL"
"SAGA 2019.10 PR2_4.12.0 V4_Stoeck_Reuk454FWD1-Reuk454REV3";"QIIME2 format of the PR2 database (4.12.0) trimmed at the V4 region with the Reuk454FWD1/Reuk454REV3 primers (Stoeck et al., 2010";"SeBiMER";"16/12/2020";"08/08/2019";"Tool specific";"nucleotide";"genomics,transcriptomics";"cnoel";"";"";"85144";"";"";"/home/ref-bioinfo/ifremer/sebimer/tool-specific-banks/saga/2019.10/pr2/4.12.0/target_region/V4_Reuk454FWD1-Reuk454REV3"
"SAGA 2019.10 PR2_4.12.0 V5-V7_nu-SSU-0817_nu-SSU-1196";"QIIME2 format of the PR2 database (4.12.0) trimmed at the V5-V7 region with the nu-SSU-0817/nu-SSU-1196 primers";"SeBiMER";"14/01/2021";"08/08/2019";"Tool specific";"nucleotide";"genomics,transcriptomics";"cnoel";"";"";"229296";"";"";"/home/ref-bioinfo/ifremer/sebimer/tool-specific-banks/saga/2019.10/pr2/4.12.0/target_region/V5-V7_nu-SSU-0817_nu-SSU-1196"
"SAGA 2019.10 PR2_4.13.0";"QIIME2 format of the PR2 database (4.13.0)";"The Protist Ribosomal Reference database";"25/03/2021";"17/03/2021";"Tool specific";"nucleotide";"genomics,transcriptomics";"cnoel";"";"";"226344";"";"";"/home/ref-bioinfo/ifremer/sebimer/tool-specific-banks/saga/2019.10/pr2/4.13.0/full_rRNA"
"SAGA 2019.10 PR2_4.13.0 V4_Stoeck_Reuk454FWD1-Reuk454REV3";"SAGA format of the PR2 database (4.13.0) trimmed at the V4 region with the Reuk454FWD1/Reuk454REV3 primers (Stoeck et al., 2010";"SeBiMER";"29/03/2021";"17/03/2021";"Tool specific";"nucleotide";"genomics,transcriptomics";"cnoel";"";"";"83952";"";"";"/home/ref-bioinfo/ifremer/sebimer/tool-specific-banks/saga/2019.10/pr2/4.13.0/target_region/V4_Reuk454FWD1-Reuk454REV3"
"SAGA 2019.10 SILVA_v128_16S_99";"QIIME2 format of the SILVA database version 128 containing all 16S rRNA sequences clustered at 99%";"SILVA";"12/04/2021";"28/09/2016";"Tool specific";"nucleotide";"genomics,transcriptomics";"cnoel";"";"";"385448";"";"";"/home/ref-bioinfo/ifremer/sebimer/tool-specific-banks/saga/2019.10/silva/v128/full_rRNA"
"SAGA 2019.10 SILVA_v132_16S_99";"QIIME2 format of the SILVA database version 132 containing all 16S rRNA sequences clustered at 99%";"SILVA";"07/01/2020";"11/12/2017";"Tool specific";"nucleotide";"genomics,transcriptomics";"cnoel";"";"";"420708";"";"";"/home/ref-bioinfo/ifremer/sebimer/tool-specific-banks/saga/2019.10/silva/v132/full_rRNA/16S"
"SAGA 2019.10 SILVA_v132_16S_99 V3-V4_PCR1F460-PCR1R460";"QIIME2 format of the SILVA database version 132 containing all 16S rRNA sequences clustered at 99% and trimmed at the V3-V4 region with the PCR1F460/PCR1R460 primers";"SeBiMER";"17/01/2020";"11/12/2017";"Tool specific";"nucleotide";"genomics,transcriptomics";"cnoel";"";"";"171152";"";"";"/home/ref-bioinfo/ifremer/sebimer/tool-specific-banks/saga/2019.10/silva/v132/target_region/16S/V3-V4_PCR1F460-PCR1R460"
"SAGA 2019.10 SILVA_v132_16S_99 V3-V5_357F-926R";"QIIME2 format of the SILVA database version 132 containing all 16S rRNA sequences clustered at 99% and trimmed at the V3-V5 region with the 357F/926R primers";"SeBiMER";"26/03/2020";"11/12/2017";"Tool specific";"nucleotide";"genomics,transcriptomics";"cnoel";"";"";"206804";"";"";"/home/ref-bioinfo/ifremer/sebimer/tool-specific-banks/saga/2019.10/silva/v132/target_region/16S/V3-V5_357F-926R"
"SAGA 2019.10 SILVA_v132_16S_99 V4-V5_515F-926R";"QIIME2 format of the SILVA database version 132 containing all 16S rRNA sequences clustered at 99% and trimmed at the V4-V5 region with the 515F/926R primers";"SeBiMER";"18/12/2020";"11/12/2017";"Tool specific";"nucleotide";"genomics,transcriptomics";"cnoel";"";"";"158492";"";"";"/home/ref-bioinfo/ifremer/sebimer/tool-specific-banks/saga/2019.10/silva/v132/target_region/16S/V4-V5_515F-926R"
"SAGA 2019.10 SILVA_v132_16S_99 V4_515F-806R";"QIIME2 format of the SILVA database version 132 containing all 16S rRNA sequences clustered at 99% and trimmed at the V4 region with the 515F/806R primers";"SeBiMER";"26/03/2020";"11/12/2017";"Tool specific";"nucleotide";"genomics,transcriptomics";"cnoel";"";"";"116516";"";"";"/home/ref-bioinfo/ifremer/sebimer/tool-specific-banks/saga/2019.10/silva/v132/target_region/16S/V4_515F-806R"
"SAGA 2019.10 SILVA_v132_18S_99";"QIIME2 format of the SILVA database version 132 containing all 18S rRNA sequences clustered at 99%";"SILVA";"06/01/2020";"11/12/2017";"Tool specific";"nucleotide";"genomics,transcriptomics";"cnoel";"";"";"142888";"";"";"/home/ref-bioinfo/ifremer/sebimer/tool-specific-banks/saga/2019.10/silva/v132/full_rRNA/18S"
"SAGA 2019.10 SILVA_v132_18S_99 V4_Eu565F-Eu981R";"QIIME2 format of the SILVA database version 132 containing all 18S rRNA sequences clustered at 99% and trimmed at the V4 region with the Eu565F/Eu981R primers";"SeBiMER";"25/03/2020";"11/12/2017";"Tool specific";"nucleotide";"genomics,transcriptomics";"cnoel";"";"";"55532";"";"";"/home/ref-bioinfo/ifremer/sebimer/tool-specific-banks/saga/2019.10/silva/v132/target_region/18S/V4_Eu565F-Eu981R"
"SAGA 2019.10 SILVA_v132_18S_99 V4_Reuk454FWD1-Reuk454REV3";"QIIME2 format of the SILVA database version 132 containing all 18S rRNA sequences clustered at 99% and trimmed at the V4 region with the Reuk454FWD1/Reuk454REV3 primers";"SeBiMER";"26/03/2020";"11/12/2017";"Tool specific";"nucleotide";"genomics,transcriptomics";"cnoel";"";"";"56068";"";"";"/home/ref-bioinfo/ifremer/sebimer/tool-specific-banks/saga/2019.10/silva/v132/target_region/18S/V4_Reuk454FWD1-ReukREV3"
"SAGA 2019.10 SILVA_v132_18S_99 V5-V7_817F-1196R";"QIIME2 format of the SILVA database version 132 containing all 18S rRNA sequences clustered at 99% and trimmed at the V5-V7 region with the 817F/1196R primers";"SeBiMER";"08/01/2021";"11/12/2017";"Tool specific";"nucleotide";"genomics,transcriptomics";"cnoel";"";"";"45080";"";"";"/home/ref-bioinfo/ifremer/sebimer/tool-specific-banks/saga/2019.10/silva/v132/target_region/18S/V5-V7_817F-1196R"
"SAGA 2019.10 SILVA_v138_16S-18S_99";"QIIME2 format of the SILVA database version 138 containing all rRNA sequences clustered at 99%";"SILVA";"12/04/2021";"24/08/2020";"Tool specific";"nucleotide";"genomics,transcriptomics";"cnoel";"";"";"519080";"";"";"/home/ref-bioinfo/ifremer/sebimer/tool-specific-banks/saga/2019.10/silva/v138/full_rRNA"
"SAGA 2019.10 SILVA_v138_16S_99 V3-V4_341F-803R";"QIIME2 format of the SILVA database version 138 containing all 16S rRNA sequences clustered at 99% and trimmed at the V3-V4 region with the 341F/803R primers";"SeBiMER";"03/04/2021";"24/08/2020";"Tool specific";"nucleotide";"genomics,transcriptomics";"cnoel";"";"";"144528";"";"";"/home/ref-bioinfo/ifremer/sebimer/tool-specific-banks/saga/2019.10/silva/v138/target_region/V3-V4_341F-803R"
"SAGA 2019.10 SILVA_v138_16S_99 V3-V4_341F-805R";"QIIME2 format of the SILVA database version 138 containing all 16S rRNA sequences clustered at 99% and trimmed at the V3-V4 region with the 341F/805R primers";"SeBiMER";"07/04/2021";"24/08/2020";"Tool specific";"nucleotide";"genomics,transcriptomics";"cnoel";"";"";"166284";"";"";"/home/ref-bioinfo/ifremer/sebimer/tool-specific-banks/saga/2019.10/silva/v138/target_region/V3-V4_341F-805R"
"SAGA 2019.10 SILVA_v138_16S_99 V3-V4_PCR1F460-PCR1R460";"QIIME2 format of the SILVA database version 138 containing all 16S rRNA sequences clustered at 99% and trimmed at the V3-V4 region with the PCR1F460/PCR1R460 primers";"SeBiMER";"23/04/2021";"24/08/2020";"Tool specific";"nucleotide";"genomics,transcriptomics";"cnoel";"";"";"191764";"";"";"/home/ref-bioinfo/ifremer/sebimer/tool-specific-banks/saga/2019.10/silva/v138/target_region/V3-V4_PCR1F460-PCR1R460"
"SAGA 2019.10 SILVA_v138_16S_99 V4-V5_515F-926R";"QIIME2 format of the SILVA database version 138 containing all 16S rRNA sequences clustered at 99% and trimmed at the V4-V5 region with the 515F/926R primers";"SeBiMER";"07/04/2021";"24/08/2020";"Tool specific";"nucleotide";"genomics,transcriptomics";"cnoel";"";"";"205256";"";"";"/home/ref-bioinfo/ifremer/sebimer/tool-specific-banks/saga/2019.10/silva/v138/target_region/V4-V5_515F-926R"
"SAGA 2019.10 SILVA_v138_16S_99 V4_Arch519F-Bact785R";"QIIME2 format of the SILVA database version 138 containing all 16S rRNA sequences clustered at 99% and trimmed at the V4 region with the Arch519F/Bact785 primers";"SeBiMER";"12/08/2021";"24/08/2020";"Tool specific";"nucleotide";"genomics,transcriptomics";"cnoel";"";"";"159500";"";"";"/home/ref-bioinfo/ifremer/sebimer/tool-specific-banks/saga/2019.10/silva/v138/target_region/V4_Arch519F-Bact785R"
"SAGA 2019.10 UNITE_ver8-04.02.2020_99";"QIIME2 format of the UNITE database version 8: 99% clustered version";"UNITE";"19/02/2021";"04/02/2020";"Tool specific";"nucleotide";"genomics,transcriptomics";"cnoel";"";"";"99728";"";"";"/home/ref-bioinfo/ifremer/sebimer/tool-specific-banks/saga/2019.10/unite/04.02.2020/clustered_99_database"
"SAGA 2019.10 UNITE_ver8-04.02.2020_dynamic";"QIIME2 format of the UNITE database version 8: dynamic version";"UNITE";"14/01/2021";"04/02/2020";"Tool specific";"nucleotide";"genomics,transcriptomics";"cnoel";"";"";"101976";"";"";"/home/ref-bioinfo/ifremer/sebimer/tool-specific-banks/saga/2019.10/unite/04.02.2020/dynamic_database"
"Salmo salar ICSASG v2";"Genome assembly of Salmo salar (Atlantic salmon)";"Ensembl";"31/01/2022";"01/12/2019";"Reference organism";"nucleotide,protein";"genomics,transcriptomics,proteomics";"acormier";"3.4Gbp";"829972";"293658874891";"BLAST-NUCL,BLAST-PROT,BOWTIE2,BWA,BWA-MEM2,DIAMOND,HISAT2,SALMON,STAR";"/home/ref-bioinfo/ifremer/sebimer/organism-banks/Salmo_salar/ICSASG_v2/blast/GCA_000233375.4_genomic,/home/ref-bioinfo/ifremer/sebimer/organism-banks/Salmo_salar/ICSASG_v2/blast/GCA_000233375.4_protein,/home/ref-bioinfo/ifremer/sebimer/organism-banks/Salmo_salar/ICSASG_v2/bowtie2/GCA_000233375.4_genomic,/home/ref-bioinfo/ifremer/sebimer/organism-banks/Salmo_salar/ICSASG_v2/bwa/GCA_000233375.4_genomic,/home/ref-bioinfo/ifremer/sebimer/organism-banks/Salmo_salar/ICSASG_v2/bwa-mem2/GCA_000233375.4_genomic,/home/ref-bioinfo/ifremer/sebimer/organism-banks/Salmo_salar/ICSASG_v2/diamond/GCA_000233375.4_protein.faa.dmnd,/home/ref-bioinfo/ifremer/sebimer/organism-banks/Salmo_salar/ICSASG_v2/hisat2/GCA_000233375.4_genomic,/home/ref-bioinfo/ifremer/sebimer/organism-banks/Salmo_salar/ICSASG_v2/salmon/GCA_000233375.4_rna_index,/home/ref-bioinfo/ifremer/sebimer/organism-banks/Salmo_salar/ICSASG_v2/star/GCA_000233375.4_genomic_indexDir";"/home/ref-bioinfo/ifremer/sebimer/organism-banks/Salmo_salar/ICSASG_v2"
"SARS-CoV-2-ARTIC v1 primer schemes";"Primer schemes used for amplicon sequencing ARTIC SARS-CoV-2 protocol";"IUC";"16/02/2021";"20/03/2020";"Tool specific";"nucleotide";"genomics";"galaxy";"";"";"1180";"";"";"/home/ref-bioinfo/ifremer/sebimer/tool-specific-banks/ivar/sars-cov-2"
"Shotgun Sequencing of Tara Oceans DNA samples corresponding to size fractions for  large DNA viruses";"Seawater was filtered from different depths to retain small cell sizes. The DNA was extracted and submitted to high throughput sequencing.";"ENA";"22/06/2021";"24/06/2014";"";"nucleotide";"genomics";"pgdurand";"";"";"1556554823603";"";"";"/home/ref-bioinfo/ifremer/sebimer/project-banks/SRA/PRJEB1788"
"Shotgun Sequencing of Tara Oceans Polar Cicle DNA samples corresponding to size fractions for  prokaryotes.";"Analysis of the genes and genomes present in Tara Oceans Polar Circle prokaryote size fractions through shotgun DNA sequencing.Seawater was filtered from different depths to retain small cell sizes (Bacteria Organisms). The DNA was extracted and submitted to high throughput sequencing.";"ENA";"22/06/2021";"29/06/2015";"";"nucleotide";"genomics";"pgdurand";"";"";"1199323280030";"";"";"/home/ref-bioinfo/ifremer/sebimer/project-banks/SRA/PRJEB9740"
"Shotgun Sequencing of Tara Oceans Polar Circle DNA samples corresponding to size fractions for  small DNA viruses.";"Analysis of the genes and genomes present in Tara Oceans Polar Circle virus size fractions through shotgun DNA sequencing.Seawater from different depths was precipitaded  then filtered to retain small particle sizes (Virus particles). The DNA was extracted and submitted to high throughput sequencing.";"ENA";"22/06/2021";"29/06/2015";"";"nucleotide";"genomics";"pgdurand";"";"";"1962373283956";"";"";"/home/ref-bioinfo/ifremer/sebimer/project-banks/SRA/PRJEB9742"
"Shotgun Sequencing of Tara Oceans Polar Circle DNA samples corresponding to size fractions for protists.";"Analysis of the genes and genomes present in Tara Oceans Polar Circle protist size fractions through shotgun DNA sequencing. Seawater was filtered from different depths to retain small or large cell size (Protist organisms). The DNA was extracted and submitted to high throughput sequencing.";"ENA";"22/06/2021";"23/06/2015";"";"nucleotide";"genomics";"pgdurand";"";"";"3537231905727";"";"";"/home/ref-bioinfo/ifremer/sebimer/project-banks/SRA/PRJEB9691"
"Silva_all";"Silva LSU+SSU Reference sequence databank";"SeBiMER";"2022-03-01, 15:52";"2022-03-01, 11:58";"Generic";"nucleotide";"genomics";"BeeDeeM-4.7.3";"";"-1";"15024870016";"BOWTIE2,BLAST-NUCL";"/home/ref-bioinfo/ifremer/sebimer/generic-reference-banks/n/Silva_all/current/Silva_all/bowtie.idx,/home/ref-bioinfo/ifremer/sebimer/generic-reference-banks/n/Silva_all/current/Silva_all/Silva_allM.nal";"/home/ref-bioinfo/ifremer/sebimer/generic-reference-banks/n/Silva_all/current/Silva_all"
"Silva_LSU";"Silva LSU Reference sequence databank";"Silva";"2021-10-22, 07:51";"138.1";"Generic";"nucleotide";"genomics";"BeeDeeM";"";"227331";"2474648846";"BOWTIE2,BDM-ANNOT,BLAST-NUCL";"/home/ref-bioinfo/ifremer/sebimer/generic-reference-banks/n/Silva_LSU/current/Silva_LSU/bowtie.idx,/home/ref-bioinfo/ifremer/sebimer/generic-reference-banks/n/Silva_LSU/current/Silva_LSU/Silva_LSU.ldx,/home/ref-bioinfo/ifremer/sebimer/generic-reference-banks/n/Silva_LSU/current/Silva_LSU/Silva_LSUM.nal";"/home/ref-bioinfo/ifremer/sebimer/generic-reference-banks/n/Silva_LSU/current/Silva_LSU"
"Silva_SSU";"Silva SSU Reference sequence databank";"Silva";"2021-10-21, 16:05";"138.1";"Generic";"nucleotide";"genomics";"BeeDeeM";"";"2224740";"5797385339";"BOWTIE2,BDM-ANNOT,BLAST-NUCL";"/home/ref-bioinfo/ifremer/sebimer/generic-reference-banks/n/Silva_SSU/current/Silva_SSU/bowtie.idx,/home/ref-bioinfo/ifremer/sebimer/generic-reference-banks/n/Silva_SSU/current/Silva_SSU/Silva_SSU.ldx,/home/ref-bioinfo/ifremer/sebimer/generic-reference-banks/n/Silva_SSU/current/Silva_SSU/Silva_SSUM.nal";"/home/ref-bioinfo/ifremer/sebimer/generic-reference-banks/n/Silva_SSU/current/Silva_SSU"
"Streblospio benedicti NCSU v1";"Genome assembly of Streblospio benedicti";"NCBI";"2022-06-07";"2021-07-06";"Reference organism";"nucleotide";"genomics";"acormier";"701453095bp";"6112";"0";"";"";"/home/ref-bioinfo/ifremer/sebimer/organism-banks/Streblospio_benedicti/NCSU_v1"
"SwissProt_archaea";"Archaea subset of UniprotKB/SwissProt";"SeBiMER";"2022-11-02, 14:43";"2022-11-02, 14:33";"Generic";"protein";"proteomics";"BeeDeeM-4.7.3";"";"19670";"3930547818";"BDM-ANNOT,BLAST-PROT,DIAMOND";"/home/ref-bioinfo/ifremer/sebimer/generic-reference-banks/p/SwissProt_archaea/current/SwissProt_archaea/SwissProt_archaea.ldx,/home/ref-bioinfo/ifremer/sebimer/generic-reference-banks/p/SwissProt_archaea/current/SwissProt_archaea/SwissProt_archaeaM.pal,/home/ref-bioinfo/ifremer/sebimer/generic-reference-banks/p/SwissProt_archaea/current/SwissProt_archaea/diamond.idx/SwissProt_archaea.dmnd";"/home/ref-bioinfo/ifremer/sebimer/generic-reference-banks/p/SwissProt_archaea/current/SwissProt_archaea"
"SwissProt_human";"Human subset of UniprotKB/SwissProt";"EBI";"2022-01-21, 14:28";"2021_04";"Generic";"protein";"proteomics";"BeeDeeM-4.7.3";"";"20375";"571009213";"BDM-ANNOT,BLAST-PROT,DIAMOND,PLAST";"/home/ref-bioinfo/ifremer/sebimer/generic-reference-banks/p/SwissProt_human/current/SwissProt_human/SwissProt_human.ldx,/home/ref-bioinfo/ifremer/sebimer/generic-reference-banks/p/SwissProt_human/current/SwissProt_human/SwissProt_humanM.pal,/home/ref-bioinfo/ifremer/sebimer/generic-reference-banks/p/SwissProt_human/current/SwissProt_human/diamond.idx/SwissProt_human.dmnd,/home/ref-bioinfo/ifremer/sebimer/generic-reference-banks/p/SwissProt_human/current/SwissProt_human/blast-v4.idx/SwissProt_humanM.pal";"/home/ref-bioinfo/ifremer/sebimer/generic-reference-banks/p/SwissProt_human/current/SwissProt_human"
"Tara Oceans DNA samples for prokaryotes.";"Shotgun Sequencing of Tara Oceans DNA samples corresponding to size fractions for  prokaryotes. Seawater was filtered from different depths to retain small cell sizes (Bacteria Organisms). The DNA was extracted and submitted to high throughput sequencing.";"ENA";"30/01/2019";"24/06/2014";"";"nucleotide";"genomics";"pgdurand";"";"";"214715";"";"";"/home/ref-bioinfo/ifremer/sebimer/project-banks/SRA/PRJEB1787"
"TCDB";"Transporter Classification Database";"TCDB.org";"2022-01-25, 13:32";"2022-01-25, 13:17";"Generic";"protein";"proteomics";"BeeDeeM-4.7.3";"";"21841";"67765771";"BDM-ANNOT,BLAST-PROT,DIAMOND,PLAST";"/home/ref-bioinfo/ifremer/sebimer/generic-reference-banks/p/TCDB/current/TCDB/TCDB.ldx,/home/ref-bioinfo/ifremer/sebimer/generic-reference-banks/p/TCDB/current/TCDB/TCDBM.pal,/home/ref-bioinfo/ifremer/sebimer/generic-reference-banks/p/TCDB/current/TCDB/diamond.idx/TCDB.dmnd,/home/ref-bioinfo/ifremer/sebimer/generic-reference-banks/p/TCDB/current/TCDB/blast-v4.idx/TCDBM.pal";"/home/ref-bioinfo/ifremer/sebimer/generic-reference-banks/p/TCDB/current/TCDB"
"Tetraselmis suecica IFREMER-GENALG et CNRS-UMR3525";"Genome assembly of Tetraselmis suecica";"Ifremer";"18/02/2022";"18/02/2022";"Reference organism";"nucl";"genomics,transcriptomics,proteomics";"Rossana Sussarellu - Gregory Carrier";"100Mbp";"170";"224000000";"BLAST,HISAT2";",";"/home/ref-bioinfo/ifremer/sebimer/organism-banks/Tetraselmis_suecica/IFREMER-GENALG_CNRS-UMR3525_v1"
"The polar microbiota Metagenome";"The Arctic and Antarctic zones are the two most geographically distant bioregions on earth.";"ENA";"15/06/2021";"19/01/2020";"";"nucleotide";"genomics";"pgdurand";"";"";"488300055169";"";"";"/home/ref-bioinfo/ifremer/sebimer/project-banks/SRA/PRJNA588686"
"Thunnus thynnus (Atlantic bluefin tuna) UB_ICCAT_GBYP v1";"Genome assembly of Thunnus thynnus (Atlantic bluefin tuna)";"NCBI";"27/07/2021";"15/06/2018";"Reference organism";"nucleotide";"genomics";"acormier";"651Mbp";"354425";"1891549913";"BLAST-NUCL,BOWTIE2";"/home/ref-bioinfo/ifremer/sebimer/organism-banks/Thunnus_thynnus/UB_ICCAT_GBYP_v1/GCA_003231725.1,/home/ref-bioinfo/ifremer/sebimer/organism-banks/Thunnus_thynnus/UB_ICCAT_GBYP_v1/GCA_003231725.1";"/home/ref-bioinfo/ifremer/sebimer/organism-banks/Thunnus_thynnus/UB_ICCAT_GBYP_v1"
"Transcriptome sequencing of Schistosoma haematobium x bovis adult worm hybrids";"Transcriptome sequencing of Schistosoma haematobium, Schistosoma bovis and first generation hybrids (adult stage)";"ENA";"17/11/2020";"28/09/2019";"";"nucleotide";"genomics";"pgdurand";"";"";"124027127934";"";"";"/home/ref-bioinfo/ifremer/sebimer/project-banks/SRA/PRJNA491632"
"Uniprot_Reference_Proteomes";"UniprotKB/Reference Proteomes, all sequences";"EBI";"2023-03-27, 10:22";"2023_01, 22-Feb-2023";"Generic";"protein";"proteomics";"BeeDeeM-5.0.0";"";"77076875";"236786952687";"BDM-ANNOT,BLAST-PROT,DIAMOND,PLAST";"/home/ref-bioinfo/ifremer/sebimer/generic-reference-banks/p/Uniprot_Reference_Proteomes/current/Uniprot_Reference_Proteomes/Uniprot_Reference_Proteomes.ldx,/home/ref-bioinfo/ifremer/sebimer/generic-reference-banks/p/Uniprot_Reference_Proteomes/current/Uniprot_Reference_Proteomes/Uniprot_Reference_ProteomesM.pal,/home/ref-bioinfo/ifremer/sebimer/generic-reference-banks/p/Uniprot_Reference_Proteomes/current/Uniprot_Reference_Proteomes/diamond.idx/Uniprot_Reference_Proteomes.dmnd,/home/ref-bioinfo/ifremer/sebimer/generic-reference-banks/p/Uniprot_Reference_Proteomes/current/Uniprot_Reference_Proteomes/blast-v4.idx/Uniprot_Reference_ProteomesM.pal";"/home/ref-bioinfo/ifremer/sebimer/generic-reference-banks/p/Uniprot_Reference_Proteomes/current/Uniprot_Reference_Proteomes"
"Uniprot_SwissProt";"UniprotKB/SwissProt databank";"EBI";"2022-05-02, 11:55";"2022_01";"Generic";"protein";"proteomics";"BeeDeeM-4.7.3";"";"566996";"5483794291";"BDM-ANNOT,BLAST-PROT,DIAMOND,PLAST";"/home/ref-bioinfo/ifremer/sebimer/generic-reference-banks/p/Uniprot_SwissProt/current/Uniprot_SwissProt/Uniprot_SwissProt.ldx,/home/ref-bioinfo/ifremer/sebimer/generic-reference-banks/p/Uniprot_SwissProt/current/Uniprot_SwissProt/Uniprot_SwissProtM.pal,/home/ref-bioinfo/ifremer/sebimer/generic-reference-banks/p/Uniprot_SwissProt/current/Uniprot_SwissProt/diamond.idx/Uniprot_SwissProt.dmnd,/home/ref-bioinfo/ifremer/sebimer/generic-reference-banks/p/Uniprot_SwissProt/current/Uniprot_SwissProt/blast-v4.idx/Uniprot_SwissProtM.pal";"/home/ref-bioinfo/ifremer/sebimer/generic-reference-banks/p/Uniprot_SwissProt/currentOn20220530/Uniprot_SwissProt"
"Uniprot_TrEMBL";"UniprotKB/TrEMBL databank";"EBI";"2022-11-03, 05:22";"2022_04";"Generic";"protein";"proteomics";"BeeDeeM-4.7.3";"";"229928140";"1561788533818";"BDM-ANNOT,BLAST,BLAST-V4,DIAMOND";"/home/ref-bioinfo/ifremer/sebimer/generic-reference-banks/p/Uniprot_TrEMBL/current/Uniprot_TrEMBL/Uniprot_TrEMBL.ldx,/home/ref-bioinfo/ifremer/sebimer/generic-reference-banks/p/Uniprot_TrEMBL/current/Uniprot_TrEMBL/Uniprot_TrEMBLM.pal,/home/ref-bioinfo/ifremer/sebimer/generic-reference-banks/p/Uniprot_TrEMBL/current/Uniprot_TrEMBL/blast-v4.idx/Uniprot_TrEMBLM.pal,/home/ref-bioinfo/ifremer/sebimer/generic-reference-banks/p/Uniprot_TrEMBL/current/Uniprot_TrEMBL/diamond.idx/Uniprot_TrEMBL.dmnd";"/home/ref-bioinfo/ifremer/sebimer/generic-reference-banks/p/Uniprot_TrEMBL/current/Uniprot_TrEMBL"
"Uniprot_TrEMBL_archaea";"UniprotKB/TrEMBL Archaea subset databank";"SeBiMER";"2022-06-13, 15:02";"2022-06-13, 11:47";"Generic";"protein";"proteomics";"BeeDeeM-4.7.3";"";"6147145";"11817481700";"BDM-ANNOT,BLAST-PROT,DIAMOND";"/home/ref-bioinfo/ifremer/sebimer/generic-reference-banks/p/Uniprot_TrEMBL_archaea/current/Uniprot_TrEMBL_archaea/Uniprot_TrEMBL_archaea.ldx,/home/ref-bioinfo/ifremer/sebimer/generic-reference-banks/p/Uniprot_TrEMBL_archaea/current/Uniprot_TrEMBL_archaea/Uniprot_TrEMBL_archaeaM.pal,/home/ref-bioinfo/ifremer/sebimer/generic-reference-banks/p/Uniprot_TrEMBL_archaea/current/Uniprot_TrEMBL_archaea/diamond.idx/Uniprot_TrEMBL_archaea.dmnd";"/home/ref-bioinfo/ifremer/sebimer/generic-reference-banks/p/Uniprot_TrEMBL_archaea/current/Uniprot_TrEMBL_archaea"
"Uniprot_Uniref50";"Uniprot TrEMBL/SwissProt non-redundant, all organisms from UniProt/Uniref 50 databank.";"EBI";"2022-01-20, 08:59";"2021_04";"Generic";"protein";"proteomics";"BeeDeeM-4.7.3";"";"49874565";"71507715791";"BDM-ANNOT,BLAST-PROT,DIAMOND";"/home/ref-bioinfo/ifremer/sebimer/generic-reference-banks/p/Uniprot_Uniref50/current/Uniprot_Uniref50/Uniprot_Uniref50.ldx,/home/ref-bioinfo/ifremer/sebimer/generic-reference-banks/p/Uniprot_Uniref50/current/Uniprot_Uniref50/Uniprot_Uniref50M.pal,/home/ref-bioinfo/ifremer/sebimer/generic-reference-banks/p/Uniprot_Uniref50/current/Uniprot_Uniref50/diamond.idx/Uniprot_Uniref50.dmnd";"/home/ref-bioinfo/ifremer/sebimer/generic-reference-banks/p/Uniprot_Uniref50/currentOn20220530/Uniprot_Uniref50"
"UniVec";"UniVec database";"NCBI";"03/05/2021";"03/05/2021";"Generic";"nucleotide";"genomics";"BeeDeeM";"";"6093";"4861401";"BDM-ANNOT,BLAST-NUCL";"/home/ref-bioinfo/ifremer/sebimer/generic-reference-banks/n/UniVec/current/UniVec/seqIds.ldx,/home/ref-bioinfo/ifremer/sebimer/generic-reference-banks/n/UniVec/current/UniVec/UniVecM.nal";"/home/ref-bioinfo/ifremer/sebimer/generic-reference-banks/n/UniVec/current/UniVec"
"Xiphias gladius (swordfish) IDSSE-CAS v1";"Genome assembly of Xiphias gladius (swordfish)";"NCBI";"27/07/2021";"12/02/2021";"Reference organism";"nucleotide";"genomics";"acormier";"669Mbp";"1482";"1862355165";"BLAST-NUCL,BOWTIE2";"/home/ref-bioinfo/ifremer/sebimer/organism-banks/Xiphias_gladius/IDSSE-CAS_v1/GCA_016859285.1,/home/ref-bioinfo/ifremer/sebimer/organism-banks/Xiphias_gladius/IDSSE-CAS_v1/GCA_016859285.1";"/home/ref-bioinfo/ifremer/sebimer/organism-banks/Xiphias_gladius/IDSSE-CAS_v1"
"Zostera marina JGI v2.1";"Genome assembly of Zostera marina";"NCBI";"16/09/2021";"22/07/2015";"Reference organism";"nucleotide,protein";"genomics,transcriptomics,proteomics";"acormier";"203Mbp";"2228";"293302123";"";"";"/home/ref-bioinfo/ifremer/sebimer/organism-banks/Zostera_marina/JGI_v2.1"
